<?xml version="1.0"?>
<CONTRIBUTIONDISCLOSURE>
  <filerType>L</filerType>
  <organizationName>Vandor Strategies, LLC</organizationName>
  <lobbyistPrefix>Mr.</lobbyistPrefix>
  <lobbyistFirstName>Jeffrey</lobbyistFirstName>
  <lobbyistMiddleName>R.</lobbyistMiddleName>
  <lobbyistLastName>Loveng</lobbyistLastName>
  <lobbyistSuffix />
  <contactName />
  <senateRegID>400697080</senateRegID>
  <houseRegID>41593</houseRegID>
  <reportYear>2013</reportYear>
  <reportType>MM</reportType>
  <amendment>false</amendment>
  <comments>
  </comments>
  <signedDate>7/2/2013 1:26:52 PM</signedDate>
  <certifiedcontent>true</certifiedcontent>
  <noContributions>false</noContributions>
  <pacs>
    <pac>
      <name />
    </pac>
  </pacs>
  <contributions>
    <contribution>
      <type />
      <contributorName />
      <payeeName />
      <recipientName />
      <amount />
      <date />
    </contribution>
    <contribution>
      <type>FECA</type>
      <contributorName>Self</contributorName>
      <payeeName>Mike Kelly for Congress</payeeName>
      <recipientName>Mike Kelly</recipientName>
      <amount>750.00</amount>
      <date>02/06/2013</date>
    </contribution>
    <contribution>
      <type>FECA</type>
      <contributorName>Self</contributorName>
      <payeeName>Jeff Denham for Congress</payeeName>
      <recipientName>Jeff Denham</recipientName>
      <amount>2,500.00</amount>
      <date>02/28/2013</date>
    </contribution>
    <contribution>
      <type>FECA</type>
      <contributorName>Self</contributorName>
      <payeeName>Rodney for Congress</payeeName>
      <recipientName>Rodney Davis</recipientName>
      <amount>500.00</amount>
      <date>04/17/2013</date>
    </contribution>
    <contribution>
      <type>FECA</type>
      <contributorName>Self</contributorName>
      <payeeName>Steve Daines for Montana</payeeName>
      <recipientName>Steve Daines </recipientName>
      <amount>500.00</amount>
      <date>05/15/2013</date>
    </contribution>
    <contribution>
      <type>FECA</type>
      <contributorName>Self</contributorName>
      <payeeName>Friends of Trey Radel</payeeName>
      <recipientName>Trey Radel</recipientName>
      <amount>500.00</amount>
      <date>05/15/2013</date>
    </contribution>
    <contribution>
      <type>FECA</type>
      <contributorName>Self</contributorName>
      <payeeName>Patriot PAC</payeeName>
      <recipientName>Patriot PAC</recipientName>
      <amount>500.00</amount>
      <date>05/16/2013</date>
    </contribution>
    <contribution>
      <type>FECA</type>
      <contributorName>Self</contributorName>
      <payeeName>Gerlach for Congress</payeeName>
      <recipientName>Jim Gerlach</recipientName>
      <amount>500.00</amount>
      <date>05/07/2013</date>
    </contribution>
    <contribution>
      <type>FECA</type>
      <contributorName>Self</contributorName>
      <payeeName>Duncan Hunter for Congress</payeeName>
      <recipientName>Duncan Hunter</recipientName>
      <amount>500.00</amount>
      <date>05/07/2013</date>
    </contribution>
    <contribution>
      <type>FECA</type>
      <contributorName>Self</contributorName>
      <payeeName>Majority PAC</payeeName>
      <recipientName>Kevin McCarthy</recipientName>
      <amount>1,000.00</amount>
      <date>05/24/2013</date>
    </contribution>
    <contribution>
      <type>FECA</type>
      <contributorName>Self</contributorName>
      <payeeName>NEW PAC</payeeName>
      <recipientName>Devin Nunes</recipientName>
      <amount>1,000.00</amount>
      <date>05/24/2013</date>
    </contribution>
    <contribution>
      <type>FECA</type>
      <contributorName>Self</contributorName>
      <payeeName>Patriots for Perry</payeeName>
      <recipientName>Scott Perry</recipientName>
      <amount>500.00</amount>
      <date>06/26/2013</date>
    </contribution>
    <contribution>
      <type>FECA</type>
      <contributorName>Self</contributorName>
      <payeeName>Team Boehner</payeeName>
      <recipientName>Speaker Boehner</recipientName>
      <amount>2,500.00</amount>
      <date>06/19/2013</date>
    </contribution>
    <contribution>
      <type>FECA</type>
      <contributorName>Self</contributorName>
      <payeeName>Richard Hudson For Congress</payeeName>
      <recipientName>Richard Hudson</recipientName>
      <amount>500.00</amount>
      <date>06/13/2013</date>
    </contribution>
    <contribution>
      <type>FECA</type>
      <contributorName>Self</contributorName>
      <payeeName>BILL PAC</payeeName>
      <recipientName>Bill Shuster</recipientName>
      <amount>2,500.00</amount>
      <date>06/20/2013</date>
    </contribution>
    <contribution>
      <type>FECA</type>
      <contributorName>Self</contributorName>
      <payeeName>Shuster for Congress</payeeName>
      <recipientName>Bill Shsuter</recipientName>
      <amount>2,500.00</amount>
      <date>06/28/2013</date>
    </contribution>
    <contribution>
      <type>FECA</type>
      <contributorName>Self</contributorName>
      <payeeName>Barletta for Congress</payeeName>
      <recipientName>Lou Barletta</recipientName>
      <amount>500.00</amount>
      <date>06/30/2013</date>
    </contribution>
  </contributions>
</CONTRIBUTIONDISCLOSURE>