<?xml version="1.0"?>
<CONTRIBUTIONDISCLOSURE>
  <filerType>L</filerType>
  <organizationName>NATL ASSN OF MANUFACTURERS</organizationName>
  <lobbyistPrefix>Mr.</lobbyistPrefix>
  <lobbyistFirstName>ROSARIO</lobbyistFirstName>
  <lobbyistMiddleName />
  <lobbyistLastName>PALMIERI</lobbyistLastName>
  <lobbyistSuffix />
  <contactName />
  <senateRegID>26912</senateRegID>
  <houseRegID>31664</houseRegID>
  <reportYear>2013</reportYear>
  <reportType>MM</reportType>
  <amendment>false</amendment>
  <comments>
  </comments>
  <signedDate>7/2/2013 12:05:27 PM</signedDate>
  <certifiedcontent>true</certifiedcontent>
  <noContributions>false</noContributions>
  <pacs>
    <pac>
      <name />
    </pac>
  </pacs>
  <contributions>
    <contribution>
      <type />
      <contributorName />
      <payeeName />
      <recipientName />
      <amount />
      <date />
    </contribution>
    <contribution>
      <type>FECA</type>
      <contributorName>Self</contributorName>
      <payeeName>Carl DeMaio for Congress</payeeName>
      <recipientName>Carl DeMaio</recipientName>
      <amount>1,000.00</amount>
      <date>06/30/2013</date>
    </contribution>
  </contributions>
</CONTRIBUTIONDISCLOSURE>