<?xml version="1.0"?>
<CONTRIBUTIONDISCLOSURE>
  <filerType>O</filerType>
  <organizationName>Sankofa Consulting Strategies</organizationName>
  <lobbyistPrefix />
  <lobbyistFirstName />
  <lobbyistMiddleName />
  <lobbyistLastName />
  <lobbyistSuffix />
  <contactName>Steven Schwadron</contactName>
  <senateRegID>400887598</senateRegID>
  <houseRegID>41962</houseRegID>
  <reportYear>2013</reportYear>
  <reportType>MM</reportType>
  <amendment>false</amendment>
  <comments>
  </comments>
  <signedDate>6/30/2013 7:01:44 PM</signedDate>
  <certifiedcontent>true</certifiedcontent>
  <noContributions>false</noContributions>
  <pacs>
    <pac>
      <name />
    </pac>
  </pacs>
  <contributions>
    <contribution>
      <type />
      <contributorName />
      <payeeName />
      <recipientName />
      <amount />
      <date />
    </contribution>
    <contribution>
      <type>FECA</type>
      <contributorName>Self</contributorName>
      <payeeName>Joe Congress for Congress</payeeName>
      <recipientName>Rep. Joseph Kennedy</recipientName>
      <amount>250.00</amount>
      <date>03/14/2013</date>
    </contribution>
  </contributions>
</CONTRIBUTIONDISCLOSURE>