<?xml version="1.0"?>
<CONTRIBUTIONDISCLOSURE>
  <filerType>L</filerType>
  <organizationName>ROCKWELL COLLINS, INC</organizationName>
  <lobbyistPrefix>Mr.</lobbyistPrefix>
  <lobbyistFirstName>TIMOTHY</lobbyistFirstName>
  <lobbyistMiddleName>A</lobbyistMiddleName>
  <lobbyistLastName>PETERSON</lobbyistLastName>
  <lobbyistSuffix />
  <contactName />
  <senateRegID>68296</senateRegID>
  <houseRegID>35671</houseRegID>
  <reportYear>2013</reportYear>
  <reportType>MM</reportType>
  <amendment>false</amendment>
  <comments>I am on the board of the corporate-connected PAC (Rockwell Collins Good Government Committee) and the PAC contribtions are being reported separately by Rockwell Collins' LD-203 corporate submission for the 1st half of CY2013 (1 Jan - 30 Jun 2013)</comments>
  <signedDate>6/27/2013 10:56:30 AM</signedDate>
  <certifiedcontent>true</certifiedcontent>
  <noContributions>true</noContributions>
  <pacs>
    <pac>
      <name />
    </pac>
  </pacs>
  <contributions>
    <contribution>
      <type />
      <contributorName />
      <payeeName />
      <recipientName />
      <amount />
      <date />
    </contribution>
  </contributions>
</CONTRIBUTIONDISCLOSURE>