<?xml version="1.0"?>
<CONTRIBUTIONDISCLOSURE>
  <filerType>L</filerType>
  <organizationName>EOP GROUP, INC</organizationName>
  <lobbyistPrefix>Mr.</lobbyistPrefix>
  <lobbyistFirstName>MICHAEL</lobbyistFirstName>
  <lobbyistMiddleName />
  <lobbyistLastName>O'BANNON</lobbyistLastName>
  <lobbyistSuffix />
  <contactName />
  <senateRegID>13712</senateRegID>
  <houseRegID>32310</houseRegID>
  <reportYear>2013</reportYear>
  <reportType>MM</reportType>
  <amendment>false</amendment>
  <comments>
  </comments>
  <signedDate>7/1/2013 11:31:17 AM</signedDate>
  <certifiedcontent>true</certifiedcontent>
  <noContributions>false</noContributions>
  <pacs>
    <pac>
      <name />
    </pac>
  </pacs>
  <contributions>
    <contribution>
      <type />
      <contributorName />
      <payeeName />
      <recipientName />
      <amount />
      <date />
    </contribution>
    <contribution>
      <type>FECA</type>
      <contributorName>Self</contributorName>
      <payeeName>Christie for Governor</payeeName>
      <recipientName>Chris Christie</recipientName>
      <amount>3,800.00</amount>
      <date>02/15/2013</date>
    </contribution>
  </contributions>
</CONTRIBUTIONDISCLOSURE>