<?xml version="1.0"?>
<CONTRIBUTIONDISCLOSURE>
  <filerType>O</filerType>
  <organizationName>Transportation Intermediaries Association</organizationName>
  <lobbyistPrefix />
  <lobbyistFirstName />
  <lobbyistMiddleName />
  <lobbyistLastName />
  <lobbyistSuffix />
  <contactName>ROBERT A. VOLTMANN</contactName>
  <senateRegID>38381</senateRegID>
  <houseRegID>33316</houseRegID>
  <reportYear>2013</reportYear>
  <reportType>MM</reportType>
  <amendment>false</amendment>
  <comments>
  </comments>
  <signedDate>7/1/2013 9:13:30 AM</signedDate>
  <certifiedcontent>true</certifiedcontent>
  <noContributions>false</noContributions>
  <pacs>
    <pac>
      <name />
    </pac>
    <pac>
      <name>Transportation Intermediaries Association PAC</name>
    </pac>
  </pacs>
  <contributions>
    <contribution>
      <type />
      <contributorName />
      <payeeName />
      <recipientName />
      <amount />
      <date />
    </contribution>
    <contribution>
      <type>FECA</type>
      <contributorName>Transportation Intermediaries Association PAC</contributorName>
      <payeeName>Citizens for Tom Petri </payeeName>
      <recipientName>Tom Petri </recipientName>
      <amount>1,000.00</amount>
      <date>01/23/2013</date>
    </contribution>
    <contribution>
      <type>FECA</type>
      <contributorName>Transportation Intermediaries Association PAC</contributorName>
      <payeeName>LoBiondo for Congress</payeeName>
      <recipientName>Frank LoBiondo </recipientName>
      <amount>1,000.00</amount>
      <date>01/23/2013</date>
    </contribution>
    <contribution>
      <type>FECA</type>
      <contributorName>Transportation Intermediaries Association PAC</contributorName>
      <payeeName>Rodney Davis for Congress</payeeName>
      <recipientName>Rodney Davis </recipientName>
      <amount>1,000.00</amount>
      <date>02/14/2013</date>
    </contribution>
    <contribution>
      <type>FECA</type>
      <contributorName>Transportation Intermediaries Association PAC</contributorName>
      <payeeName>Shuster for Congress</payeeName>
      <recipientName>Bill Shuster </recipientName>
      <amount>1,000.00</amount>
      <date>03/04/2013</date>
    </contribution>
    <contribution>
      <type>FECA</type>
      <contributorName>Transportation Intermediaries Association PAC</contributorName>
      <payeeName>Denham for Congress</payeeName>
      <recipientName>Jeff Denham </recipientName>
      <amount>1,000.00</amount>
      <date>02/27/2013</date>
    </contribution>
    <contribution>
      <type>FECA</type>
      <contributorName>Transportation Intermediaries Association PAC</contributorName>
      <payeeName>Rahall for Congress</payeeName>
      <recipientName>Nick Rahall </recipientName>
      <amount>1,000.00</amount>
      <date>02/27/2013</date>
    </contribution>
    <contribution>
      <type>FECA</type>
      <contributorName>Transportation Intermediaries Association PAC</contributorName>
      <payeeName>Duncan for Congress</payeeName>
      <recipientName>John Duncan </recipientName>
      <amount>1,000.00</amount>
      <date>02/26/2013</date>
    </contribution>
    <contribution>
      <type>FECA</type>
      <contributorName>Transportation Intermediaries Association PAC</contributorName>
      <payeeName>Latham for Congress</payeeName>
      <recipientName>Tom Latham </recipientName>
      <amount>1,000.00</amount>
      <date>03/05/2013</date>
    </contribution>
    <contribution>
      <type>FECA</type>
      <contributorName>Transportation Intermediaries Association PAC</contributorName>
      <payeeName>Vitter for Senate </payeeName>
      <recipientName>David Vitter </recipientName>
      <amount>1,000.00</amount>
      <date>03/06/2013</date>
    </contribution>
    <contribution>
      <type>FECA</type>
      <contributorName>Transportation Intermediaries Association PAC</contributorName>
      <payeeName>National Republican Congressional Committee</payeeName>
      <recipientName>National Republican Congressional Committee</recipientName>
      <amount>5,000.00</amount>
      <date>03/20/2013</date>
    </contribution>
    <contribution>
      <type>FECA</type>
      <contributorName>Transportation Intermediaries Association PAC</contributorName>
      <payeeName>Hunter for Congress</payeeName>
      <recipientName>Duncan Hunter </recipientName>
      <amount>1,000.00</amount>
      <date>03/13/2013</date>
    </contribution>
    <contribution>
      <type>FECA</type>
      <contributorName>Transportation Intermediaries Association PAC</contributorName>
      <payeeName>Graves for Congress</payeeName>
      <recipientName>Sam Graves </recipientName>
      <amount>1,000.00</amount>
      <date>03/12/2013</date>
    </contribution>
    <contribution>
      <type>FECA</type>
      <contributorName>Transportation Intermediaries Association PAC</contributorName>
      <payeeName>Capuano for Congress</payeeName>
      <recipientName>Mike Capuano</recipientName>
      <amount>1,000.00</amount>
      <date>03/19/2013</date>
    </contribution>
    <contribution>
      <type>FECA</type>
      <contributorName>Transportation Intermediaries Association PAC</contributorName>
      <payeeName>Owens for Congress</payeeName>
      <recipientName>Bill Owens </recipientName>
      <amount>1,000.00</amount>
      <date>03/19/2013</date>
    </contribution>
    <contribution>
      <type>FECA</type>
      <contributorName>Transportation Intermediaries Association PAC</contributorName>
      <payeeName>Ayotte for Congress</payeeName>
      <recipientName>Kelly Ayotte</recipientName>
      <amount>5,000.00</amount>
      <date>04/24/2013</date>
    </contribution>
    <contribution>
      <type>FECA</type>
      <contributorName>Transportation Intermediaries Association PAC</contributorName>
      <payeeName>Landrieu for Congress</payeeName>
      <recipientName>Mary Landrieu </recipientName>
      <amount>1,000.00</amount>
      <date>04/18/2013</date>
    </contribution>
    <contribution>
      <type>FECA</type>
      <contributorName>Transportation Intermediaries Association PAC</contributorName>
      <payeeName>Duncan for Congress</payeeName>
      <recipientName>John Duncan </recipientName>
      <amount>1,000.00</amount>
      <date>05/08/2013</date>
    </contribution>
    <contribution>
      <type>FECA</type>
      <contributorName>Transportation Intermediaries Association PAC</contributorName>
      <payeeName>People for Patty Murray </payeeName>
      <recipientName>Patty Murray </recipientName>
      <amount>1,000.00</amount>
      <date>05/22/2013</date>
    </contribution>
    <contribution>
      <type>FECA</type>
      <contributorName>Transportation Intermediaries Association PAC</contributorName>
      <payeeName>Crawford for Congress</payeeName>
      <recipientName>Rick Crawford </recipientName>
      <amount>1,000.00</amount>
      <date>05/08/2013</date>
    </contribution>
    <contribution>
      <type>FECA</type>
      <contributorName>Transportation Intermediaries Association PAC</contributorName>
      <payeeName>Harris for Congress</payeeName>
      <recipientName>Andy Harris </recipientName>
      <amount>1,000.00</amount>
      <date>05/28/2013</date>
    </contribution>
    <contribution>
      <type>FECA</type>
      <contributorName>Transportation Intermediaries Association PAC</contributorName>
      <payeeName>Barletta for Congress</payeeName>
      <recipientName>Lou Barletta </recipientName>
      <amount>1,000.00</amount>
      <date>05/21/2013</date>
    </contribution>
    <contribution>
      <type>FECA</type>
      <contributorName>Transportation Intermediaries Association PAC</contributorName>
      <payeeName>Tom Rice </payeeName>
      <recipientName>Rice for Congress</recipientName>
      <amount>1,000.00</amount>
      <date>05/22/2013</date>
    </contribution>
    <contribution>
      <type>FECA</type>
      <contributorName>Transportation Intermediaries Association PAC</contributorName>
      <payeeName>Shuster for Congress</payeeName>
      <recipientName>Bill Shuster </recipientName>
      <amount>4,000.00</amount>
      <date>05/20/2013</date>
    </contribution>
    <contribution>
      <type>FECA</type>
      <contributorName>Transportation Intermediaries Association PAC</contributorName>
      <payeeName>DeFazio for Congress</payeeName>
      <recipientName>Peter DeFazio </recipientName>
      <amount>2,500.00</amount>
      <date>05/15/2013</date>
    </contribution>
    <contribution>
      <type>FECA</type>
      <contributorName>Transportation Intermediaries Association PAC</contributorName>
      <payeeName>Boehner for Speaker </payeeName>
      <recipientName>John Boehner </recipientName>
      <amount>2,500.00</amount>
      <date>05/30/2013</date>
    </contribution>
    <contribution>
      <type>FECA</type>
      <contributorName>Transportation Intermediaries Association PAC</contributorName>
      <payeeName>Pastor for Congress</payeeName>
      <recipientName>Ed Pastor </recipientName>
      <amount>1,000.00</amount>
      <date>06/25/2013</date>
    </contribution>
    <contribution>
      <type>FECA</type>
      <contributorName>Transportation Intermediaries Association PAC</contributorName>
      <payeeName>Petri for Congress</payeeName>
      <recipientName>Tom Petri </recipientName>
      <amount>2,500.00</amount>
      <date>06/23/2013</date>
    </contribution>
    <contribution>
      <type>FECA</type>
      <contributorName>Transportation Intermediaries Association PAC</contributorName>
      <payeeName>Graves for Congress</payeeName>
      <recipientName>Sam Graves </recipientName>
      <amount>2,000.00</amount>
      <date>06/12/2013</date>
    </contribution>
    <contribution>
      <type>FECA</type>
      <contributorName>Transportation Intermediaries Association PAC</contributorName>
      <payeeName>LoBiondo for Congress</payeeName>
      <recipientName>Frank LoBiondo </recipientName>
      <amount>1,000.00</amount>
      <date>06/10/2013</date>
    </contribution>
    <contribution>
      <type>FECA</type>
      <contributorName>Transportation Intermediaries Association PAC</contributorName>
      <payeeName>McCaul for Congress</payeeName>
      <recipientName>Mike McCaul </recipientName>
      <amount>1,000.00</amount>
      <date>06/13/2013</date>
    </contribution>
    <contribution>
      <type>FECA</type>
      <contributorName>Transportation Intermediaries Association PAC</contributorName>
      <payeeName>Alexander for Senate </payeeName>
      <recipientName>Lamar Alexander </recipientName>
      <amount>1,000.00</amount>
      <date>06/05/2013</date>
    </contribution>
    <contribution>
      <type>FECA</type>
      <contributorName>Transportation Intermediaries Association PAC</contributorName>
      <payeeName>Rodney Davis for Congress</payeeName>
      <recipientName>Rodney Davis </recipientName>
      <amount>2,000.00</amount>
      <date>06/04/2013</date>
    </contribution>
    <contribution>
      <type>FECA</type>
      <contributorName>Transportation Intermediaries Association PAC</contributorName>
      <payeeName>Iowans for Latham </payeeName>
      <recipientName>Tom Latham </recipientName>
      <amount>1,000.00</amount>
      <date>06/11/2013</date>
    </contribution>
    <contribution>
      <type>FECA</type>
      <contributorName>Transportation Intermediaries Association PAC</contributorName>
      <payeeName>Crawford for Congress</payeeName>
      <recipientName>Rick Crawford </recipientName>
      <amount>3,000.00</amount>
      <date>06/13/2013</date>
    </contribution>
    <contribution>
      <type>FECA</type>
      <contributorName>Transportation Intermediaries Association PAC</contributorName>
      <payeeName>Larsen for Congress</payeeName>
      <recipientName>Rick Larsen </recipientName>
      <amount>1,000.00</amount>
      <date>06/14/2013</date>
    </contribution>
  </contributions>
</CONTRIBUTIONDISCLOSURE>