<?xml version="1.0"?>
<CONTRIBUTIONDISCLOSURE>
  <filerType>L</filerType>
  <organizationName>Frohman Law Office, LLC</organizationName>
  <lobbyistPrefix>Mrs.</lobbyistPrefix>
  <lobbyistFirstName>Ann</lobbyistFirstName>
  <lobbyistMiddleName>M</lobbyistMiddleName>
  <lobbyistLastName>Frohman</lobbyistLastName>
  <lobbyistSuffix />
  <contactName />
  <senateRegID>400939711</senateRegID>
  <houseRegID>42056</houseRegID>
  <reportYear>2013</reportYear>
  <reportType>MM</reportType>
  <amendment>false</amendment>
  <comments>
  </comments>
  <signedDate>6/25/2013 10:16:30 AM</signedDate>
  <certifiedcontent>true</certifiedcontent>
  <noContributions>true</noContributions>
  <pacs>
    <pac>
      <name />
    </pac>
  </pacs>
  <contributions>
    <contribution>
      <type />
      <contributorName />
      <payeeName />
      <recipientName />
      <amount />
      <date />
    </contribution>
  </contributions>
</CONTRIBUTIONDISCLOSURE>