<?xml version="1.0"?>
<CONTRIBUTIONDISCLOSURE>
  <filerType>L</filerType>
  <organizationName>SOUTHWEST AIRLINES PILOTS' ASSOCIATION (SWAPA)</organizationName>
  <lobbyistPrefix>Mr.</lobbyistPrefix>
  <lobbyistFirstName>Harry </lobbyistFirstName>
  <lobbyistMiddleName>Morgan</lobbyistMiddleName>
  <lobbyistLastName>Freeman</lobbyistLastName>
  <lobbyistSuffix />
  <contactName />
  <senateRegID>291231</senateRegID>
  <houseRegID>37215</houseRegID>
  <reportYear>2013</reportYear>
  <reportType>MM</reportType>
  <amendment>false</amendment>
  <comments>
  </comments>
  <signedDate>5/27/2013 1:14:03 PM</signedDate>
  <certifiedcontent>true</certifiedcontent>
  <noContributions>true</noContributions>
  <pacs>
    <pac>
      <name />
    </pac>
  </pacs>
  <contributions>
    <contribution>
      <type />
      <contributorName />
      <payeeName />
      <recipientName />
      <amount />
      <date />
    </contribution>
  </contributions>
</CONTRIBUTIONDISCLOSURE>