<?xml version="1.0"?>
<CONTRIBUTIONDISCLOSURE>
  <filerType>L</filerType>
  <organizationName>Jacobs Scholz &amp; Associates, LLC</organizationName>
  <lobbyistPrefix>Mr.</lobbyistPrefix>
  <lobbyistFirstName>Richard</lobbyistFirstName>
  <lobbyistMiddleName />
  <lobbyistLastName>Scholz</lobbyistLastName>
  <lobbyistSuffix />
  <contactName />
  <senateRegID>400361684</senateRegID>
  <houseRegID>40431</houseRegID>
  <reportYear>2013</reportYear>
  <reportType>MM</reportType>
  <amendment>false</amendment>
  <comments>
  </comments>
  <signedDate>7/2/2013 1:29:22 PM</signedDate>
  <certifiedcontent>true</certifiedcontent>
  <noContributions>false</noContributions>
  <pacs>
    <pac>
      <name />
    </pac>
  </pacs>
  <contributions>
    <contribution>
      <type />
      <contributorName />
      <payeeName />
      <recipientName />
      <amount />
      <date />
    </contribution>
    <contribution>
      <type>FECA</type>
      <contributorName>Self</contributorName>
      <payeeName>Richard J. Scholz</payeeName>
      <recipientName>Representative Ander Crenshaw</recipientName>
      <amount>1,000.00</amount>
      <date>06/09/2013</date>
    </contribution>
  </contributions>
</CONTRIBUTIONDISCLOSURE>