<?xml version="1.0"?>
<CONTRIBUTIONDISCLOSURE>
  <filerType>L</filerType>
  <organizationName>UNITEDHEALTH GROUP, INC.</organizationName>
  <lobbyistPrefix>Mr.</lobbyistPrefix>
  <lobbyistFirstName>JOHN</lobbyistFirstName>
  <lobbyistMiddleName />
  <lobbyistLastName>VERSAGGI</lobbyistLastName>
  <lobbyistSuffix />
  <contactName />
  <senateRegID>39143</senateRegID>
  <houseRegID>33552</houseRegID>
  <reportYear>2013</reportYear>
  <reportType>MM</reportType>
  <amendment>false</amendment>
  <comments>To the best of my knowledge, I have provided the requested information accurately.</comments>
  <signedDate>7/1/2013 9:44:30 AM</signedDate>
  <certifiedcontent>true</certifiedcontent>
  <noContributions>true</noContributions>
  <pacs>
    <pac>
      <name />
    </pac>
  </pacs>
  <contributions>
    <contribution>
      <type />
      <contributorName />
      <payeeName />
      <recipientName />
      <amount />
      <date />
    </contribution>
  </contributions>
</CONTRIBUTIONDISCLOSURE>