<?xml version="1.0"?>
<CONTRIBUTIONDISCLOSURE>
  <filerType>L</filerType>
  <organizationName>Navistar, Inc. (formerly International Truck and Engine Corporation)</organizationName>
  <lobbyistPrefix>Mr.</lobbyistPrefix>
  <lobbyistFirstName>Brien</lobbyistFirstName>
  <lobbyistMiddleName>J.</lobbyistMiddleName>
  <lobbyistLastName>Sheahan</lobbyistLastName>
  <lobbyistSuffix />
  <contactName />
  <senateRegID>28891</senateRegID>
  <houseRegID>31085</houseRegID>
  <reportYear>2013</reportYear>
  <reportType>MM</reportType>
  <amendment>false</amendment>
  <comments>
  </comments>
  <signedDate>7/1/2013 2:48:11 PM</signedDate>
  <certifiedcontent>true</certifiedcontent>
  <noContributions>false</noContributions>
  <pacs>
    <pac>
      <name />
    </pac>
    <pac>
      <name>TOI FOR ILLINOIS</name>
    </pac>
  </pacs>
  <contributions>
    <contribution>
      <type />
      <contributorName />
      <payeeName />
      <recipientName />
      <amount />
      <date />
    </contribution>
    <contribution>
      <type>FECA</type>
      <contributorName>Self</contributorName>
      <payeeName>Toi for Illinois</payeeName>
      <recipientName> HUTCHINSON, TOI</recipientName>
      <amount>250.00</amount>
      <date>02/06/2013</date>
    </contribution>
  </contributions>
</CONTRIBUTIONDISCLOSURE>