<?xml version="1.0"?>
<CONTRIBUTIONDISCLOSURE>
  <filerType>O</filerType>
  <organizationName>Ms. Bonnie H. Weinstein</organizationName>
  <lobbyistPrefix />
  <lobbyistFirstName />
  <lobbyistMiddleName />
  <lobbyistLastName />
  <lobbyistSuffix />
  <contactName>MS. BONNIE H. WEINSTEIN</contactName>
  <senateRegID>56235</senateRegID>
  <houseRegID>35180</houseRegID>
  <reportYear>2013</reportYear>
  <reportType>MM</reportType>
  <amendment>false</amendment>
  <comments>
  </comments>
  <signedDate>7/1/2013 1:45:39 PM</signedDate>
  <certifiedcontent>true</certifiedcontent>
  <noContributions>true</noContributions>
  <pacs>
    <pac>
      <name />
    </pac>
  </pacs>
  <contributions>
    <contribution>
      <type />
      <contributorName />
      <payeeName />
      <recipientName />
      <amount />
      <date />
    </contribution>
  </contributions>
</CONTRIBUTIONDISCLOSURE>