<?xml version="1.0"?>
<CONTRIBUTIONDISCLOSURE>
  <filerType>L</filerType>
  <organizationName>Bingham McCutchen LLP</organizationName>
  <lobbyistPrefix>Mr.</lobbyistPrefix>
  <lobbyistFirstName>GARY</lobbyistFirstName>
  <lobbyistMiddleName />
  <lobbyistLastName>GALLANT</lobbyistLastName>
  <lobbyistSuffix />
  <contactName />
  <senateRegID>51560</senateRegID>
  <houseRegID>34910</houseRegID>
  <reportYear>2013</reportYear>
  <reportType>MM</reportType>
  <amendment>false</amendment>
  <comments>I served as the Treasurer of the Bingham McCutchen LLP PAC throughout the reporting period. See the PAC's LD-203 Contribution Report for 2013 Mid-Year to see the Bingham McCutchen LLP PAC's contributions during the reporting period. 

</comments>
  <signedDate>7/2/2013 11:02:18 AM</signedDate>
  <certifiedcontent>true</certifiedcontent>
  <noContributions>true</noContributions>
  <pacs>
    <pac>
      <name />
    </pac>
  </pacs>
  <contributions>
    <contribution>
      <type />
      <contributorName />
      <payeeName />
      <recipientName />
      <amount />
      <date />
    </contribution>
  </contributions>
</CONTRIBUTIONDISCLOSURE>