<?xml version="1.0"?>
<CONTRIBUTIONDISCLOSURE>
  <filerType>L</filerType>
  <organizationName>Danfoss Inc.</organizationName>
  <lobbyistPrefix>Mr.</lobbyistPrefix>
  <lobbyistFirstName>Robert</lobbyistFirstName>
  <lobbyistMiddleName>William</lobbyistMiddleName>
  <lobbyistLastName>Wilkins</lobbyistLastName>
  <lobbyistSuffix />
  <contactName />
  <senateRegID>400342587</senateRegID>
  <houseRegID>40382</houseRegID>
  <reportYear>2013</reportYear>
  <reportType>MM</reportType>
  <amendment>false</amendment>
  <comments>
  </comments>
  <signedDate>7/1/2013 2:15:36 PM</signedDate>
  <certifiedcontent>true</certifiedcontent>
  <noContributions>false</noContributions>
  <pacs>
    <pac>
      <name />
    </pac>
  </pacs>
  <contributions>
    <contribution>
      <type />
      <contributorName />
      <payeeName />
      <recipientName />
      <amount />
      <date />
    </contribution>
    <contribution>
      <type>FECA</type>
      <contributorName>Self</contributorName>
      <payeeName>Ed Whitfield for Congress</payeeName>
      <recipientName>Ed Whitfield</recipientName>
      <amount>500.00</amount>
      <date>02/12/2013</date>
    </contribution>
    <contribution>
      <type>FECA</type>
      <contributorName>Self</contributorName>
      <payeeName>Steve Israel for Congress</payeeName>
      <recipientName>Steve Israel</recipientName>
      <amount>500.00</amount>
      <date>02/13/2013</date>
    </contribution>
    <contribution>
      <type>FECA</type>
      <contributorName>Self</contributorName>
      <payeeName>Paul Tonko for Congress</payeeName>
      <recipientName>Paul Tonko</recipientName>
      <amount>250.00</amount>
      <date>03/11/2013</date>
    </contribution>
    <contribution>
      <type>FECA</type>
      <contributorName>Self</contributorName>
      <payeeName>Renee Ellmers for Congress</payeeName>
      <recipientName>Renee Ellmers</recipientName>
      <amount>500.00</amount>
      <date>03/11/2013</date>
    </contribution>
    <contribution>
      <type>FECA</type>
      <contributorName>Self</contributorName>
      <payeeName>Friends of Jeanne Shaheen</payeeName>
      <recipientName>Jeanne Shaheen</recipientName>
      <amount>500.00</amount>
      <date>03/13/2013</date>
    </contribution>
    <contribution>
      <type>FECA</type>
      <contributorName>Self</contributorName>
      <payeeName>Kinzinger for Congress</payeeName>
      <recipientName>Adam Kinzinger</recipientName>
      <amount>500.00</amount>
      <date>03/17/2013</date>
    </contribution>
    <contribution>
      <type>FECA</type>
      <contributorName>Self</contributorName>
      <payeeName>Ron Wyden for Senate</payeeName>
      <recipientName>Ron Wyden</recipientName>
      <amount>500.00</amount>
      <date>03/17/2013</date>
    </contribution>
    <contribution>
      <type>FECA</type>
      <contributorName>Self</contributorName>
      <payeeName>Mark Pryor for US Senate</payeeName>
      <recipientName>Mark Pryor</recipientName>
      <amount>100.00</amount>
      <date>04/01/2013</date>
    </contribution>
    <contribution>
      <type>FECA</type>
      <contributorName>Self</contributorName>
      <payeeName>John Boozman for US Senate</payeeName>
      <recipientName>John Boozman</recipientName>
      <amount>100.00</amount>
      <date>04/01/2013</date>
    </contribution>
    <contribution>
      <type>FECA</type>
      <contributorName>Self</contributorName>
      <payeeName>Team Graham</payeeName>
      <recipientName>Lindsey Graham</recipientName>
      <amount>100.00</amount>
      <date>04/01/2013</date>
    </contribution>
    <contribution>
      <type>FECA</type>
      <contributorName>Self</contributorName>
      <payeeName>Peter Welch for Congress</payeeName>
      <recipientName>Peter Welch</recipientName>
      <amount>500.00</amount>
      <date>04/10/2013</date>
    </contribution>
    <contribution>
      <type>FECA</type>
      <contributorName>Self</contributorName>
      <payeeName>Fred Upton for Congress</payeeName>
      <recipientName>Fred Upton</recipientName>
      <amount>500.00</amount>
      <date>04/23/2013</date>
    </contribution>
    <contribution>
      <type>FECA</type>
      <contributorName>Self</contributorName>
      <payeeName>Marsha Blackburn for Congress</payeeName>
      <recipientName>Marsha Blackburn</recipientName>
      <amount>500.00</amount>
      <date>04/25/2013</date>
    </contribution>
    <contribution>
      <type>FECA</type>
      <contributorName>Self</contributorName>
      <payeeName>Peter Welch for Congress</payeeName>
      <recipientName>Peter Welch</recipientName>
      <amount>500.00</amount>
      <date>06/21/2013</date>
    </contribution>
    <contribution>
      <type>FECA</type>
      <contributorName>Self</contributorName>
      <payeeName>Friends of Jeanne Shaheen</payeeName>
      <recipientName>Jeanne Shaheen</recipientName>
      <amount>100.00</amount>
      <date>06/29/2013</date>
    </contribution>
    <contribution>
      <type>FECA</type>
      <contributorName>Self</contributorName>
      <payeeName>Mark Pryor for US Senate</payeeName>
      <recipientName>Mark Pryor</recipientName>
      <amount>250.00</amount>
      <date>06/29/2013</date>
    </contribution>
  </contributions>
</CONTRIBUTIONDISCLOSURE>