<?xml version="1.0"?>
<CONTRIBUTIONDISCLOSURE>
  <filerType>L</filerType>
  <organizationName>American Bankers Association</organizationName>
  <lobbyistPrefix>Mr.</lobbyistPrefix>
  <lobbyistFirstName>PETER</lobbyistFirstName>
  <lobbyistMiddleName />
  <lobbyistLastName>BLOCKLIN</lobbyistLastName>
  <lobbyistSuffix />
  <contactName />
  <senateRegID>1785</senateRegID>
  <houseRegID>30468</houseRegID>
  <reportYear>2013</reportYear>
  <reportType>MM</reportType>
  <amendment>false</amendment>
  <comments>
  </comments>
  <signedDate>7/1/2013 4:46:54 PM</signedDate>
  <certifiedcontent>true</certifiedcontent>
  <noContributions>false</noContributions>
  <pacs>
    <pac>
      <name />
    </pac>
    <pac>
      <name>freedom Fund</name>
    </pac>
  </pacs>
  <contributions>
    <contribution>
      <type />
      <contributorName />
      <payeeName />
      <recipientName />
      <amount />
      <date />
    </contribution>
    <contribution>
      <type>FECA</type>
      <contributorName>Self</contributorName>
      <payeeName>Peter Blocklin</payeeName>
      <recipientName>Freedom Fund</recipientName>
      <amount>1,000.00</amount>
      <date>05/22/2013</date>
    </contribution>
  </contributions>
</CONTRIBUTIONDISCLOSURE>