<?xml version="1.0"?>
<CONTRIBUTIONDISCLOSURE>
  <filerType>L</filerType>
  <organizationName>NATIONAL TELECOMMUNICATIONS COOPERATIVE ASSOCIATION</organizationName>
  <lobbyistPrefix>Mr.</lobbyistPrefix>
  <lobbyistFirstName>THOMAS</lobbyistFirstName>
  <lobbyistMiddleName />
  <lobbyistLastName>WACKER</lobbyistLastName>
  <lobbyistSuffix />
  <contactName />
  <senateRegID>28674</senateRegID>
  <houseRegID>31060</houseRegID>
  <reportYear>2013</reportYear>
  <reportType>MM</reportType>
  <amendment>false</amendment>
  <comments>I have been determined by the National Telecommunications Cooperative Association to have a controlling role over the disbursements of its separate segregated fund, NTCA Telecommunications Education Committee Organization.  Please See NTCA's LD-203.</comments>
  <signedDate>7/1/2013 8:55:52 AM</signedDate>
  <certifiedcontent>true</certifiedcontent>
  <noContributions>true</noContributions>
  <pacs>
    <pac>
      <name />
    </pac>
    <pac>
      <name>NTCA Telecommunications Education Committee Organization</name>
    </pac>
  </pacs>
  <contributions>
    <contribution>
      <type />
      <contributorName />
      <payeeName />
      <recipientName />
      <amount />
      <date />
    </contribution>
  </contributions>
</CONTRIBUTIONDISCLOSURE>