<?xml version="1.0"?>
<CONTRIBUTIONDISCLOSURE>
  <filerType>O</filerType>
  <organizationName>QinetiQ North America</organizationName>
  <lobbyistPrefix />
  <lobbyistFirstName />
  <lobbyistMiddleName />
  <lobbyistLastName />
  <lobbyistSuffix />
  <contactName>SCOTT KLEIN</contactName>
  <senateRegID>400276324</senateRegID>
  <houseRegID>40108</houseRegID>
  <reportYear>2013</reportYear>
  <reportType>MM</reportType>
  <amendment>true</amendment>
  <comments>Organization Lobbying Registrant Expires June 27, 2013.</comments>
  <signedDate>6/27/2013 10:51:26 AM</signedDate>
  <certifiedcontent>true</certifiedcontent>
  <noContributions>false</noContributions>
  <pacs>
    <pac>
      <name />
    </pac>
    <pac>
      <name>Qinetiq North America, Inc. PAC</name>
    </pac>
  </pacs>
  <contributions>
    <contribution>
      <type />
      <contributorName />
      <payeeName />
      <recipientName />
      <amount />
      <date />
    </contribution>
    <contribution>
      <type>FECA</type>
      <contributorName>Qinetiq North America, Inc. PAC</contributorName>
      <payeeName>Robert Aderholt for Congress</payeeName>
      <recipientName>Congressman Robert Aderholt</recipientName>
      <amount>1,000.00</amount>
      <date>05/05/2013</date>
    </contribution>
  </contributions>
</CONTRIBUTIONDISCLOSURE>