<?xml version="1.0"?>
<CONTRIBUTIONDISCLOSURE>
  <filerType>L</filerType>
  <organizationName>ROCKWELL COLLINS, INC</organizationName>
  <lobbyistPrefix>Ms.</lobbyistPrefix>
  <lobbyistFirstName>Megan</lobbyistFirstName>
  <lobbyistMiddleName>Rae</lobbyistMiddleName>
  <lobbyistLastName>Rosia</lobbyistLastName>
  <lobbyistSuffix />
  <contactName />
  <senateRegID>68296</senateRegID>
  <houseRegID>35671</houseRegID>
  <reportYear>2013</reportYear>
  <reportType>MM</reportType>
  <amendment>true</amendment>
  <comments>I am on the board of the corporate-connected PAC (Rockwell Collins Good Government Committee) and the PAC contributions are being reported separately by Rockwell Collins' LD-203 corporate submission for the 1st half of CY2013 (1 Apr - 30 Jun 2013).</comments>
  <signedDate>7/1/2013 4:20:42 PM</signedDate>
  <certifiedcontent>true</certifiedcontent>
  <noContributions>true</noContributions>
  <pacs>
    <pac>
      <name />
    </pac>
  </pacs>
  <contributions>
    <contribution>
      <type />
      <contributorName />
      <payeeName />
      <recipientName />
      <amount />
      <date />
    </contribution>
  </contributions>
</CONTRIBUTIONDISCLOSURE>