<?xml version="1.0"?>
<CONTRIBUTIONDISCLOSURE>
  <filerType>L</filerType>
  <organizationName>AMERICAN FOREIGN SERVICE ASSOCIATION</organizationName>
  <lobbyistPrefix>Ms.</lobbyistPrefix>
  <lobbyistFirstName>Susan</lobbyistFirstName>
  <lobbyistMiddleName>R.</lobbyistMiddleName>
  <lobbyistLastName>Johnson</lobbyistLastName>
  <lobbyistSuffix />
  <contactName />
  <senateRegID>2365</senateRegID>
  <houseRegID>32194</houseRegID>
  <reportYear>2013</reportYear>
  <reportType>MM</reportType>
  <amendment>false</amendment>
  <comments>Term at AFSA ends July 15, 2013 - No contributions to report.  No contributions planned.</comments>
  <signedDate>7/1/2013 10:27:31 AM</signedDate>
  <certifiedcontent>true</certifiedcontent>
  <noContributions>true</noContributions>
  <pacs>
    <pac>
      <name />
    </pac>
    <pac>
      <name>American Foreign Service Association Political Action Commit</name>
    </pac>
  </pacs>
  <contributions>
    <contribution>
      <type />
      <contributorName />
      <payeeName />
      <recipientName />
      <amount />
      <date />
    </contribution>
  </contributions>
</CONTRIBUTIONDISCLOSURE>