<?xml version="1.0"?>
<CONTRIBUTIONDISCLOSURE>
  <filerType>L</filerType>
  <organizationName>ABELL &amp; PRYOR</organizationName>
  <lobbyistPrefix>Mr.</lobbyistPrefix>
  <lobbyistFirstName>J</lobbyistFirstName>
  <lobbyistMiddleName>RONALD</lobbyistMiddleName>
  <lobbyistLastName>PRYOR</lobbyistLastName>
  <lobbyistSuffix />
  <contactName />
  <senateRegID>312018</senateRegID>
  <houseRegID>38689</houseRegID>
  <reportYear>2013</reportYear>
  <reportType>MM</reportType>
  <amendment>false</amendment>
  <comments>
  </comments>
  <signedDate>7/2/2013 12:43:42 PM</signedDate>
  <certifiedcontent>true</certifiedcontent>
  <noContributions>false</noContributions>
  <pacs>
    <pac>
      <name />
    </pac>
  </pacs>
  <contributions>
    <contribution>
      <type />
      <contributorName />
      <payeeName />
      <recipientName />
      <amount />
      <date />
    </contribution>
    <contribution>
      <type>FECA</type>
      <contributorName>Self</contributorName>
      <payeeName>Guthrie for Congress</payeeName>
      <recipientName>Representative Brett Guthrie</recipientName>
      <amount>500.00</amount>
      <date>06/24/2013</date>
    </contribution>
  </contributions>
</CONTRIBUTIONDISCLOSURE>