<?xml version="1.0"?>
<CONTRIBUTIONDISCLOSURE>
  <filerType>L</filerType>
  <organizationName>Capitol Hill Partners</organizationName>
  <lobbyistPrefix>Mr.</lobbyistPrefix>
  <lobbyistFirstName>JOHN</lobbyistFirstName>
  <lobbyistMiddleName />
  <lobbyistLastName>COLBERT</lobbyistLastName>
  <lobbyistSuffix />
  <contactName />
  <senateRegID>400459241</senateRegID>
  <houseRegID>40853</houseRegID>
  <reportYear>2013</reportYear>
  <reportType>MM</reportType>
  <amendment>false</amendment>
  <comments>
  </comments>
  <signedDate>7/1/2013 2:53:10 PM</signedDate>
  <certifiedcontent>true</certifiedcontent>
  <noContributions>false</noContributions>
  <pacs>
    <pac>
      <name />
    </pac>
  </pacs>
  <contributions>
    <contribution>
      <type />
      <contributorName />
      <payeeName />
      <recipientName />
      <amount />
      <date />
    </contribution>
    <contribution>
      <type>FECA</type>
      <contributorName>Self</contributorName>
      <payeeName>George Miller for Congress</payeeName>
      <recipientName>Cong. George Miller</recipientName>
      <amount>500.00</amount>
      <date>03/14/2013</date>
    </contribution>
  </contributions>
</CONTRIBUTIONDISCLOSURE>