<?xml version="1.0"?>
<CONTRIBUTIONDISCLOSURE>
  <filerType>L</filerType>
  <organizationName>Ogilvy Government Relations</organizationName>
  <lobbyistPrefix>Mr.</lobbyistPrefix>
  <lobbyistFirstName>CHRIS</lobbyistFirstName>
  <lobbyistMiddleName />
  <lobbyistLastName>GIBLIN</lobbyistLastName>
  <lobbyistSuffix />
  <contactName />
  <senateRegID>48827</senateRegID>
  <houseRegID>34528</houseRegID>
  <reportYear>2013</reportYear>
  <reportType>MM</reportType>
  <amendment>false</amendment>
  <comments>
  </comments>
  <signedDate>7/1/2013 2:46:55 PM</signedDate>
  <certifiedcontent>true</certifiedcontent>
  <noContributions>false</noContributions>
  <pacs>
    <pac>
      <name />
    </pac>
  </pacs>
  <contributions>
    <contribution>
      <type />
      <contributorName />
      <payeeName />
      <recipientName />
      <amount />
      <date />
    </contribution>
    <contribution>
      <type>FECA</type>
      <contributorName>Self</contributorName>
      <payeeName>Rob Portman for U.S. Senate</payeeName>
      <recipientName>Rob Portman</recipientName>
      <amount>1,000.00</amount>
      <date>01/22/2013</date>
    </contribution>
    <contribution>
      <type>FECA</type>
      <contributorName>Self</contributorName>
      <payeeName>Murkowski for Senate</payeeName>
      <recipientName>Lisa Murkowski</recipientName>
      <amount>1,000.00</amount>
      <date>02/13/2013</date>
    </contribution>
    <contribution>
      <type>FECA</type>
      <contributorName>Self</contributorName>
      <payeeName>John Carter for Congress</payeeName>
      <recipientName>John Carter</recipientName>
      <amount>2,500.00</amount>
      <date>02/13/2013</date>
    </contribution>
    <contribution>
      <type>FECA</type>
      <contributorName>Self</contributorName>
      <payeeName>Dennis Ross for Congress</payeeName>
      <recipientName>Dennis Ross</recipientName>
      <amount>500.00</amount>
      <date>02/13/2013</date>
    </contribution>
    <contribution>
      <type>FECA</type>
      <contributorName>Self</contributorName>
      <payeeName>Bill Johnson for Congress</payeeName>
      <recipientName>Bill Johnson</recipientName>
      <amount>1,000.00</amount>
      <date>02/26/2013</date>
    </contribution>
    <contribution>
      <type>FECA</type>
      <contributorName>Self</contributorName>
      <payeeName>Cantor for Congress</payeeName>
      <recipientName>Eric Cantor</recipientName>
      <amount>1,000.00</amount>
      <date>03/05/2013</date>
    </contribution>
    <contribution>
      <type>FECA</type>
      <contributorName>Self</contributorName>
      <payeeName>Ann Wagner for Congress</payeeName>
      <recipientName>Ann Wagner</recipientName>
      <amount>500.00</amount>
      <date>03/07/2013</date>
    </contribution>
    <contribution>
      <type>FECA</type>
      <contributorName>Self</contributorName>
      <payeeName>Pompeo for Congress</payeeName>
      <recipientName>Mike Pompeo</recipientName>
      <amount>500.00</amount>
      <date>03/13/2013</date>
    </contribution>
    <contribution>
      <type>FECA</type>
      <contributorName>Self</contributorName>
      <payeeName>Team Graham</payeeName>
      <recipientName>Lindsey Graham</recipientName>
      <amount>1,000.00</amount>
      <date>03/13/2013</date>
    </contribution>
    <contribution>
      <type>FECA</type>
      <contributorName>Self</contributorName>
      <payeeName>Olson for Congress</payeeName>
      <recipientName>Pete Olson</recipientName>
      <amount>1,000.00</amount>
      <date>03/13/2013</date>
    </contribution>
    <contribution>
      <type>FECA</type>
      <contributorName>Self</contributorName>
      <payeeName>Culberson for Congress</payeeName>
      <recipientName>John Culberson</recipientName>
      <amount>500.00</amount>
      <date>03/15/2013</date>
    </contribution>
    <contribution>
      <type>FECA</type>
      <contributorName>Self</contributorName>
      <payeeName>Rogers (MI) for Congress</payeeName>
      <recipientName>Mike Rogers (MI)</recipientName>
      <amount>500.00</amount>
      <date>04/10/2013</date>
    </contribution>
    <contribution>
      <type>FECA</type>
      <contributorName>Self</contributorName>
      <payeeName>Tom Reed for Congress</payeeName>
      <recipientName>Tom Reed</recipientName>
      <amount>500.00</amount>
      <date>04/12/2013</date>
    </contribution>
    <contribution>
      <type>FECA</type>
      <contributorName>Self</contributorName>
      <payeeName>Rob Woodall for Congress</payeeName>
      <recipientName>Rob Woodall</recipientName>
      <amount>500.00</amount>
      <date>04/16/2013</date>
    </contribution>
    <contribution>
      <type>FECA</type>
      <contributorName>Self</contributorName>
      <payeeName>Friends of Joe Pitts</payeeName>
      <recipientName>Joe Pitts</recipientName>
      <amount>500.00</amount>
      <date>04/17/2013</date>
    </contribution>
    <contribution>
      <type>FECA</type>
      <contributorName>Self</contributorName>
      <payeeName>John Stone for Congress</payeeName>
      <recipientName>John Stone</recipientName>
      <amount>500.00</amount>
      <date>04/17/2013</date>
    </contribution>
    <contribution>
      <type>FECA</type>
      <contributorName>Self</contributorName>
      <payeeName>Guthrie for Congress</payeeName>
      <recipientName>Brett Guthrie</recipientName>
      <amount>500.00</amount>
      <date>05/07/2013</date>
    </contribution>
    <contribution>
      <type>FECA</type>
      <contributorName>Self</contributorName>
      <payeeName>Ralph Hall for Congress</payeeName>
      <recipientName>Ralph Hall</recipientName>
      <amount>500.00</amount>
      <date>05/13/2013</date>
    </contribution>
    <contribution>
      <type>FECA</type>
      <contributorName>Self</contributorName>
      <payeeName>Rounds for Senate</payeeName>
      <recipientName>Mike Rounds</recipientName>
      <amount>500.00</amount>
      <date>05/13/2013</date>
    </contribution>
    <contribution>
      <type>FECA</type>
      <contributorName>Self</contributorName>
      <payeeName>Roskam for Congress</payeeName>
      <recipientName>Peter Roskam</recipientName>
      <amount>500.00</amount>
      <date>05/14/2013</date>
    </contribution>
    <contribution>
      <type>FECA</type>
      <contributorName>Self</contributorName>
      <payeeName>Elect Blake Farenthold Committee</payeeName>
      <recipientName>Blake Farenthold</recipientName>
      <amount>500.00</amount>
      <date>05/15/2013</date>
    </contribution>
    <contribution>
      <type>FECA</type>
      <contributorName>Self</contributorName>
      <payeeName>Robert Hurt for Congress</payeeName>
      <recipientName>Robert Hurt</recipientName>
      <amount>1,000.00</amount>
      <date>05/17/2013</date>
    </contribution>
    <contribution>
      <type>FECA</type>
      <contributorName>Self</contributorName>
      <payeeName>Cantor for Congress</payeeName>
      <recipientName>Eric Cantor</recipientName>
      <amount>2,500.00</amount>
      <date>05/21/2013</date>
    </contribution>
    <contribution>
      <type>FECA</type>
      <contributorName>Self</contributorName>
      <payeeName>Candice Miller for Congress</payeeName>
      <recipientName>Candice Miller</recipientName>
      <amount>500.00</amount>
      <date>05/21/2013</date>
    </contribution>
    <contribution>
      <type>FECA</type>
      <contributorName>Self</contributorName>
      <payeeName>Heller for Senate</payeeName>
      <recipientName>Dean Heller</recipientName>
      <amount>500.00</amount>
      <date>05/27/2013</date>
    </contribution>
    <contribution>
      <type>FECA</type>
      <contributorName>Self</contributorName>
      <payeeName>Friends of Sam Johnson</payeeName>
      <recipientName>Sam Johnson</recipientName>
      <amount>500.00</amount>
      <date>06/05/2013</date>
    </contribution>
    <contribution>
      <type>FECA</type>
      <contributorName>Self</contributorName>
      <payeeName>McConnell Senate Committee '15</payeeName>
      <recipientName>Mitch McConnell</recipientName>
      <amount>500.00</amount>
      <date>06/10/2013</date>
    </contribution>
    <contribution>
      <type>FECA</type>
      <contributorName>Self</contributorName>
      <payeeName>Kenny Marchant for Congress</payeeName>
      <recipientName>Kenny Marchant</recipientName>
      <amount>1,000.00</amount>
      <date>06/13/2013</date>
    </contribution>
    <contribution>
      <type>FECA</type>
      <contributorName>Self</contributorName>
      <payeeName>Alexander for Senate</payeeName>
      <recipientName>Lamar Alexander</recipientName>
      <amount>500.00</amount>
      <date>06/19/2013</date>
    </contribution>
    <contribution>
      <type>FECA</type>
      <contributorName>Self</contributorName>
      <payeeName>Friends of John Thune</payeeName>
      <recipientName>John Thune</recipientName>
      <amount>500.00</amount>
      <date>06/26/2013</date>
    </contribution>
    <contribution>
      <type>FECA</type>
      <contributorName>Self</contributorName>
      <payeeName>Rodney Davis for Congress</payeeName>
      <recipientName>Rodney Davis</recipientName>
      <amount>500.00</amount>
      <date>06/27/2013</date>
    </contribution>
    <contribution>
      <type>FECA</type>
      <contributorName>Self</contributorName>
      <payeeName>NRCC</payeeName>
      <recipientName>NRCC</recipientName>
      <amount>10,000.00</amount>
      <date>03/05/2013</date>
    </contribution>
  </contributions>
</CONTRIBUTIONDISCLOSURE>