<?xml version="1.0"?>
<CONTRIBUTIONDISCLOSURE>
  <filerType>L</filerType>
  <organizationName>RENEWABLE FUELS ASSOCIATION</organizationName>
  <lobbyistPrefix>Ms.</lobbyistPrefix>
  <lobbyistFirstName>SAMANTHA</lobbyistFirstName>
  <lobbyistMiddleName>Marie</lobbyistMiddleName>
  <lobbyistLastName>SLATER</lobbyistLastName>
  <lobbyistSuffix />
  <contactName />
  <senateRegID>33055</senateRegID>
  <houseRegID>30412</houseRegID>
  <reportYear>2013</reportYear>
  <reportType>MM</reportType>
  <amendment>false</amendment>
  <comments>
  </comments>
  <signedDate>7/3/2013 12:27:32 PM</signedDate>
  <certifiedcontent>true</certifiedcontent>
  <noContributions>true</noContributions>
  <pacs>
    <pac>
      <name />
    </pac>
  </pacs>
  <contributions>
    <contribution>
      <type />
      <contributorName />
      <payeeName />
      <recipientName />
      <amount />
      <date />
    </contribution>
  </contributions>
</CONTRIBUTIONDISCLOSURE>