<?xml version="1.0"?>
<CONTRIBUTIONDISCLOSURE>
  <filerType>O</filerType>
  <organizationName>TREA Senior Citizens League</organizationName>
  <lobbyistPrefix />
  <lobbyistFirstName />
  <lobbyistMiddleName />
  <lobbyistLastName />
  <lobbyistSuffix />
  <contactName>Jessie Gibbons</contactName>
  <senateRegID>38426</senateRegID>
  <houseRegID>30677</houseRegID>
  <reportYear>2013</reportYear>
  <reportType>MM</reportType>
  <amendment>false</amendment>
  <comments>
  </comments>
  <signedDate>7/2/2013 10:17:39 AM</signedDate>
  <certifiedcontent>true</certifiedcontent>
  <noContributions>true</noContributions>
  <pacs>
    <pac>
      <name />
    </pac>
    <pac>
      <name>TREA Senior Citizens League</name>
    </pac>
  </pacs>
  <contributions>
    <contribution>
      <type />
      <contributorName />
      <payeeName />
      <recipientName />
      <amount />
      <date />
    </contribution>
  </contributions>
</CONTRIBUTIONDISCLOSURE>