<?xml version="1.0"?>
<CONTRIBUTIONDISCLOSURE>
  <filerType>L</filerType>
  <organizationName>The Russell Group, Inc.</organizationName>
  <lobbyistPrefix>Mr.</lobbyistPrefix>
  <lobbyistFirstName>RANDALL</lobbyistFirstName>
  <lobbyistMiddleName />
  <lobbyistLastName>RUSSELL</lobbyistLastName>
  <lobbyistSuffix />
  <contactName />
  <senateRegID>22688</senateRegID>
  <houseRegID>30441</houseRegID>
  <reportYear>2013</reportYear>
  <reportType>MM</reportType>
  <amendment>false</amendment>
  <comments>
  </comments>
  <signedDate>7/3/2013 8:43:10 AM</signedDate>
  <certifiedcontent>true</certifiedcontent>
  <noContributions>false</noContributions>
  <pacs>
    <pac>
      <name />
    </pac>
  </pacs>
  <contributions>
    <contribution>
      <type />
      <contributorName />
      <payeeName />
      <recipientName />
      <amount />
      <date />
    </contribution>
    <contribution>
      <type>FECA</type>
      <contributorName>Self</contributorName>
      <payeeName>Lucas for Congress Committee</payeeName>
      <recipientName>Frank Lucas</recipientName>
      <amount>2,000.00</amount>
      <date>02/05/2013</date>
    </contribution>
    <contribution>
      <type>FECA</type>
      <contributorName>Self</contributorName>
      <payeeName>Mark Pryor for U.S. Senate Committee</payeeName>
      <recipientName>Mark Pryor</recipientName>
      <amount>1,000.00</amount>
      <date>02/14/2013</date>
    </contribution>
    <contribution>
      <type>FECA</type>
      <contributorName>Self</contributorName>
      <payeeName>Friends of Roy Blunt</payeeName>
      <recipientName>Roy Blunt</recipientName>
      <amount>2,000.00</amount>
      <date>02/28/2013</date>
    </contribution>
    <contribution>
      <type>FECA</type>
      <contributorName>Self</contributorName>
      <payeeName>Citizens for Cochran</payeeName>
      <recipientName>Thad Cochran</recipientName>
      <amount>1,000.00</amount>
      <date>03/05/2013</date>
    </contribution>
    <contribution>
      <type>FECA</type>
      <contributorName>Self</contributorName>
      <payeeName>Bob Goodlatte for Congress</payeeName>
      <recipientName>Bob Goodlatte</recipientName>
      <amount>1,000.00</amount>
      <date>03/19/2013</date>
    </contribution>
    <contribution>
      <type>FECA</type>
      <contributorName>Self</contributorName>
      <payeeName>Peterson for Congress</payeeName>
      <recipientName>Collin Peterson</recipientName>
      <amount>1,000.00</amount>
      <date>03/20/2013</date>
    </contribution>
    <contribution>
      <type>FECA</type>
      <contributorName>Self</contributorName>
      <payeeName>Moran NRSC Victory Fund</payeeName>
      <recipientName>Jerry Moran</recipientName>
      <amount>500.00</amount>
      <date>03/20/2013</date>
    </contribution>
    <contribution>
      <type>FECA</type>
      <contributorName>Self</contributorName>
      <payeeName>Jim Costa for Congress</payeeName>
      <recipientName>Jim Costa</recipientName>
      <amount>1,000.00</amount>
      <date>04/11/2013</date>
    </contribution>
    <contribution>
      <type>FECA</type>
      <contributorName>Self</contributorName>
      <payeeName>Adrian Smith for Congress</payeeName>
      <recipientName>Adrian Smith</recipientName>
      <amount>1,000.00</amount>
      <date>04/16/2013</date>
    </contribution>
    <contribution>
      <type>FECA</type>
      <contributorName>Self</contributorName>
      <payeeName>Matsui for Congress</payeeName>
      <recipientName>Doris Matsui</recipientName>
      <amount>1,000.00</amount>
      <date>05/14/2013</date>
    </contribution>
    <contribution>
      <type>FECA</type>
      <contributorName>Self</contributorName>
      <payeeName>Gardner for Congress</payeeName>
      <recipientName>Cory Gardner</recipientName>
      <amount>1,000.00</amount>
      <date>06/05/2013</date>
    </contribution>
    <contribution>
      <type>FECA</type>
      <contributorName>Self</contributorName>
      <payeeName>Kansans for Huelskamp</payeeName>
      <recipientName>Tim Huelskamp</recipientName>
      <amount>250.00</amount>
      <date>06/12/2013</date>
    </contribution>
    <contribution>
      <type>FECA</type>
      <contributorName>Self</contributorName>
      <payeeName>Robert Aderholt for Congress</payeeName>
      <recipientName>Robert Aderholt</recipientName>
      <amount>1,000.00</amount>
      <date>06/19/2013</date>
    </contribution>
    <contribution>
      <type>FECA</type>
      <contributorName>Self</contributorName>
      <payeeName>Howie Lind for Senate</payeeName>
      <recipientName>Howie Lind</recipientName>
      <amount>2,000.00</amount>
      <date>06/25/2013</date>
    </contribution>
    <contribution>
      <type>FECA</type>
      <contributorName>Self</contributorName>
      <payeeName>Rodney Davis for Congress</payeeName>
      <recipientName>Rodney Davis</recipientName>
      <amount>1,000.00</amount>
      <date>06/26/2013</date>
    </contribution>
  </contributions>
</CONTRIBUTIONDISCLOSURE>