<?xml version="1.0"?>
<CONTRIBUTIONDISCLOSURE>
  <filerType>L</filerType>
  <organizationName>ROCKWELL COLLINS, INC</organizationName>
  <lobbyistPrefix>Ms.</lobbyistPrefix>
  <lobbyistFirstName>Megan</lobbyistFirstName>
  <lobbyistMiddleName>Rae</lobbyistMiddleName>
  <lobbyistLastName>Rosia</lobbyistLastName>
  <lobbyistSuffix />
  <contactName />
  <senateRegID>68296</senateRegID>
  <houseRegID>35671</houseRegID>
  <reportYear>2013</reportYear>
  <reportType>MM</reportType>
  <amendment>false</amendment>
  <comments>
  </comments>
  <signedDate>7/1/2013 2:50:51 PM</signedDate>
  <certifiedcontent>true</certifiedcontent>
  <noContributions>true</noContributions>
  <pacs>
    <pac>
      <name />
    </pac>
  </pacs>
  <contributions>
    <contribution>
      <type />
      <contributorName />
      <payeeName />
      <recipientName />
      <amount />
      <date />
    </contribution>
  </contributions>
</CONTRIBUTIONDISCLOSURE>