<?xml version="1.0"?>
<CONTRIBUTIONDISCLOSURE>
  <filerType>L</filerType>
  <organizationName>TREA Senior Citizens League</organizationName>
  <lobbyistPrefix>Ms.</lobbyistPrefix>
  <lobbyistFirstName>Jessie</lobbyistFirstName>
  <lobbyistMiddleName />
  <lobbyistLastName>Gibbons</lobbyistLastName>
  <lobbyistSuffix />
  <contactName />
  <senateRegID>38426</senateRegID>
  <houseRegID>30677</houseRegID>
  <reportYear>2013</reportYear>
  <reportType>MM</reportType>
  <amendment>false</amendment>
  <comments>I am connected to TREA Senior Citizens League PAC (I serve as Assistant PAC Treasurer), but I do not control it, nor did I establish it. All contributions by TREA Senior Citizens League PAC are disclosed on the organization's profile. </comments>
  <signedDate>7/3/2013 7:59:33 AM</signedDate>
  <certifiedcontent>true</certifiedcontent>
  <noContributions>true</noContributions>
  <pacs>
    <pac>
      <name />
    </pac>
    <pac>
      <name>TREA Senior Citizens League</name>
    </pac>
  </pacs>
  <contributions>
    <contribution>
      <type />
      <contributorName />
      <payeeName />
      <recipientName />
      <amount />
      <date />
    </contribution>
  </contributions>
</CONTRIBUTIONDISCLOSURE>