<?xml version="1.0"?>
<CONTRIBUTIONDISCLOSURE>
  <filerType>L</filerType>
  <organizationName>Capitol Tax Partners, LLP</organizationName>
  <lobbyistPrefix>Mr.</lobbyistPrefix>
  <lobbyistFirstName>LAWRENCE</lobbyistFirstName>
  <lobbyistMiddleName />
  <lobbyistLastName>WILLCOX</lobbyistLastName>
  <lobbyistSuffix />
  <contactName />
  <senateRegID>65976</senateRegID>
  <houseRegID>35617</houseRegID>
  <reportYear>2013</reportYear>
  <reportType>MM</reportType>
  <amendment>false</amendment>
  <comments>
  </comments>
  <signedDate>7/2/2013 12:29:05 PM</signedDate>
  <certifiedcontent>true</certifiedcontent>
  <noContributions>false</noContributions>
  <pacs>
    <pac>
      <name />
    </pac>
  </pacs>
  <contributions>
    <contribution>
      <type />
      <contributorName />
      <payeeName />
      <recipientName />
      <amount />
      <date />
    </contribution>
    <contribution>
      <type>FECA</type>
      <contributorName>Self</contributorName>
      <payeeName>NRSC</payeeName>
      <recipientName>Senator Moran</recipientName>
      <amount>75.00</amount>
      <date>01/15/2013</date>
    </contribution>
    <contribution>
      <type>FECA</type>
      <contributorName>Self</contributorName>
      <payeeName>NRSC</payeeName>
      <recipientName>Senator Moran</recipientName>
      <amount>75.00</amount>
      <date>02/15/2013</date>
    </contribution>
    <contribution>
      <type>FECA</type>
      <contributorName>Self</contributorName>
      <payeeName>NRSC</payeeName>
      <recipientName>Senator Moran</recipientName>
      <amount>75.00</amount>
      <date>03/15/2013</date>
    </contribution>
    <contribution>
      <type>FECA</type>
      <contributorName>Self</contributorName>
      <payeeName>NRSC</payeeName>
      <recipientName>Senator Moran</recipientName>
      <amount>75.00</amount>
      <date>04/15/2013</date>
    </contribution>
    <contribution>
      <type>FECA</type>
      <contributorName>Self</contributorName>
      <payeeName>NRSC</payeeName>
      <recipientName>Senator Moran</recipientName>
      <amount>75.00</amount>
      <date>05/15/2013</date>
    </contribution>
    <contribution>
      <type>FECA</type>
      <contributorName>Self</contributorName>
      <payeeName>NRSC</payeeName>
      <recipientName>Senator Moran</recipientName>
      <amount>75.00</amount>
      <date>06/15/2013</date>
    </contribution>
    <contribution>
      <type>FECA</type>
      <contributorName>Self</contributorName>
      <payeeName>Devin Nunes Campaign Committee</payeeName>
      <recipientName>Rep. Devin Nunes</recipientName>
      <amount>500.00</amount>
      <date>02/26/2013</date>
    </contribution>
    <contribution>
      <type>FECA</type>
      <contributorName>Self</contributorName>
      <payeeName>Tom Reed for Congress</payeeName>
      <recipientName>Rep. Tom Reed</recipientName>
      <amount>100.00</amount>
      <date>02/27/2013</date>
    </contribution>
    <contribution>
      <type>FECA</type>
      <contributorName>Self</contributorName>
      <payeeName>Texans for Senator John Cornyn</payeeName>
      <recipientName>Senator Cornyn</recipientName>
      <amount>500.00</amount>
      <date>03/21/2013</date>
    </contribution>
    <contribution>
      <type>FECA</type>
      <contributorName>Self</contributorName>
      <payeeName>Tiberi for Congress</payeeName>
      <recipientName>Rep. Pat Tiberi</recipientName>
      <amount>500.00</amount>
      <date>03/05/2013</date>
    </contribution>
    <contribution>
      <type>FECA</type>
      <contributorName>Self</contributorName>
      <payeeName>Roskam for Congress</payeeName>
      <recipientName>Rep. Peter Roskam</recipientName>
      <amount>500.00</amount>
      <date>03/07/2013</date>
    </contribution>
    <contribution>
      <type>FECA</type>
      <contributorName>Self</contributorName>
      <payeeName>Committee to Re-Elect Trent Franks to Congress</payeeName>
      <recipientName>Rep. Trent Franks</recipientName>
      <amount>500.00</amount>
      <date>03/12/2013</date>
    </contribution>
    <contribution>
      <type>FECA</type>
      <contributorName>Self</contributorName>
      <payeeName>Friends of Pat Toomey</payeeName>
      <recipientName>Senator Toomey</recipientName>
      <amount>1,500.00</amount>
      <date>04/08/2013</date>
    </contribution>
    <contribution>
      <type>FECA</type>
      <contributorName>Self</contributorName>
      <payeeName>Rob Portman for US Senate</payeeName>
      <recipientName>Senator Portman</recipientName>
      <amount>1,000.00</amount>
      <date>04/23/2013</date>
    </contribution>
    <contribution>
      <type>FECA</type>
      <contributorName>Self</contributorName>
      <payeeName>Orrin PAC</payeeName>
      <recipientName>Senator Hatch</recipientName>
      <amount>500.00</amount>
      <date>04/25/2013</date>
    </contribution>
    <contribution>
      <type>FECA</type>
      <contributorName>Self</contributorName>
      <payeeName>Tiberi for Congress</payeeName>
      <recipientName>Rep. Pat Tiberi</recipientName>
      <amount>500.00</amount>
      <date>05/07/2013</date>
    </contribution>
    <contribution>
      <type>FECA</type>
      <contributorName>Self</contributorName>
      <payeeName>Boustany for Congress</payeeName>
      <recipientName>Rep. Charles Boustany</recipientName>
      <amount>500.00</amount>
      <date>06/19/2013</date>
    </contribution>
    <contribution>
      <type>FECA</type>
      <contributorName>Self</contributorName>
      <payeeName>Tom Reed for Congress</payeeName>
      <recipientName>Rep. Tom Reed</recipientName>
      <amount>1,500.00</amount>
      <date>06/11/2013</date>
    </contribution>
    <contribution>
      <type>FECA</type>
      <contributorName>Self</contributorName>
      <payeeName>Jobs Growth&amp; Freedom Fund</payeeName>
      <recipientName>Senator Cruz</recipientName>
      <amount>250.00</amount>
      <date>05/14/2013</date>
    </contribution>
    <contribution>
      <type>FECA</type>
      <contributorName>Self</contributorName>
      <payeeName>Brian Nestande for Congress</payeeName>
      <recipientName>Candidate Brian Nestande</recipientName>
      <amount>500.00</amount>
      <date>06/25/2013</date>
    </contribution>
    <contribution>
      <type>FECA</type>
      <contributorName>Self</contributorName>
      <payeeName>Friends of Todd Young</payeeName>
      <recipientName>Rep. Todd Young</recipientName>
      <amount>1,000.00</amount>
      <date>06/26/2013</date>
    </contribution>
  </contributions>
</CONTRIBUTIONDISCLOSURE>