<?xml version="1.0"?>
<CONTRIBUTIONDISCLOSURE>
  <filerType>L</filerType>
  <organizationName>CONSUMER SPECIALTY PRODUCTS ASSOCIATION</organizationName>
  <lobbyistPrefix>Mr.</lobbyistPrefix>
  <lobbyistFirstName>PHILIP</lobbyistFirstName>
  <lobbyistMiddleName>G</lobbyistMiddleName>
  <lobbyistLastName>KLEIN</lobbyistLastName>
  <lobbyistSuffix />
  <contactName />
  <senateRegID>8954</senateRegID>
  <houseRegID>30863</houseRegID>
  <reportYear>2013</reportYear>
  <reportType>MM</reportType>
  <amendment>false</amendment>
  <comments>
  </comments>
  <signedDate>7/3/2013 8:27:37 AM</signedDate>
  <certifiedcontent>true</certifiedcontent>
  <noContributions>false</noContributions>
  <pacs>
    <pac>
      <name />
    </pac>
  </pacs>
  <contributions>
    <contribution>
      <type />
      <contributorName />
      <payeeName />
      <recipientName />
      <amount />
      <date />
    </contribution>
    <contribution>
      <type>FECA</type>
      <contributorName>Self</contributorName>
      <payeeName>Pryor for Senate </payeeName>
      <recipientName>Mark Pryor </recipientName>
      <amount>250.00</amount>
      <date>04/09/2013</date>
    </contribution>
  </contributions>
</CONTRIBUTIONDISCLOSURE>