<?xml version="1.0"?>
<CONTRIBUTIONDISCLOSURE>
  <filerType>L</filerType>
  <organizationName>Prime Policy Group</organizationName>
  <lobbyistPrefix>Mr.</lobbyistPrefix>
  <lobbyistFirstName>MARTIN</lobbyistFirstName>
  <lobbyistMiddleName />
  <lobbyistLastName>PAONE</lobbyistLastName>
  <lobbyistSuffix />
  <contactName />
  <senateRegID>400532589</senateRegID>
  <houseRegID>41146</houseRegID>
  <reportYear>2013</reportYear>
  <reportType>MM</reportType>
  <amendment>false</amendment>
  <comments>
  </comments>
  <signedDate>6/28/2013 4:28:46 PM</signedDate>
  <certifiedcontent>true</certifiedcontent>
  <noContributions>false</noContributions>
  <pacs>
    <pac>
      <name />
    </pac>
  </pacs>
  <contributions>
    <contribution>
      <type />
      <contributorName />
      <payeeName />
      <recipientName />
      <amount />
      <date />
    </contribution>
    <contribution>
      <type>FECA</type>
      <contributorName>Self</contributorName>
      <payeeName>Friends of Max Baucus</payeeName>
      <recipientName>Senator Max Baucus</recipientName>
      <amount>1,000.00</amount>
      <date>01/14/2013</date>
    </contribution>
    <contribution>
      <type>FECA</type>
      <contributorName>Self</contributorName>
      <payeeName>The Markey Committee</payeeName>
      <recipientName>Representative Edward Markey</recipientName>
      <amount>1,000.00</amount>
      <date>02/15/2013</date>
    </contribution>
    <contribution>
      <type>FECA</type>
      <contributorName>Self</contributorName>
      <payeeName>Donnelly for Indiana</payeeName>
      <recipientName>Senator Joe Donnelly</recipientName>
      <amount>1,000.00</amount>
      <date>02/20/2013</date>
    </contribution>
    <contribution>
      <type>FECA</type>
      <contributorName>Self</contributorName>
      <payeeName>Mark Pryor for US Senate Committee</payeeName>
      <recipientName>Senator Mark Pryor</recipientName>
      <amount>1,000.00</amount>
      <date>02/25/2013</date>
    </contribution>
    <contribution>
      <type>FECA</type>
      <contributorName>Self</contributorName>
      <payeeName>Chris Coons for Delaware</payeeName>
      <recipientName>Senator Chris Coons</recipientName>
      <amount>2,000.00</amount>
      <date>03/19/2013</date>
    </contribution>
    <contribution>
      <type>FECA</type>
      <contributorName>Self</contributorName>
      <payeeName>Prime Policy Group LLC/Burson Marsteller PAC</payeeName>
      <recipientName>All Democratic congressional candidates</recipientName>
      <amount>2,000.00</amount>
      <date>03/15/2013</date>
    </contribution>
    <contribution>
      <type>FECA</type>
      <contributorName>Self</contributorName>
      <payeeName>Elizabeth Colbert Busch Victory Fund</payeeName>
      <recipientName>1/2 for Elizabeth Colbert Busch
1/2 for Democratic Party of South Carolina</recipientName>
      <amount>500.00</amount>
      <date>04/15/2013</date>
    </contribution>
    <contribution>
      <type>FECA</type>
      <contributorName>Self</contributorName>
      <payeeName>Udall for Colorado</payeeName>
      <recipientName>Senator Mark Udall</recipientName>
      <amount>1,000.00</amount>
      <date>04/18/2013</date>
    </contribution>
    <contribution>
      <type>FECA</type>
      <contributorName>Self</contributorName>
      <payeeName>Friends of Mary Landrieu</payeeName>
      <recipientName>Senator Mary Landrieu</recipientName>
      <amount>500.00</amount>
      <date>05/08/2013</date>
    </contribution>
    <contribution>
      <type>FECA</type>
      <contributorName>Self</contributorName>
      <payeeName>People for Patty Murray</payeeName>
      <recipientName>Senator Patty Murray</recipientName>
      <amount>1,000.00</amount>
      <date>05/16/2013</date>
    </contribution>
    <contribution>
      <type>FECA</type>
      <contributorName>Self</contributorName>
      <payeeName>Leahy for US Senator</payeeName>
      <recipientName>Senator Patrick Leahy</recipientName>
      <amount>250.00</amount>
      <date>06/13/2013</date>
    </contribution>
    <contribution>
      <type>FECA</type>
      <contributorName>Self</contributorName>
      <payeeName>Martin Heinrich for Senate</payeeName>
      <recipientName>Senator Martin Heinrich</recipientName>
      <amount>500.00</amount>
      <date>05/21/2013</date>
    </contribution>
    <contribution>
      <type>FECA</type>
      <contributorName>Self</contributorName>
      <payeeName>Friends of Dan Maffei</payeeName>
      <recipientName>Representative Dan Maffei</recipientName>
      <amount>250.00</amount>
      <date>06/20/2013</date>
    </contribution>
    <contribution>
      <type>FECA</type>
      <contributorName>Self</contributorName>
      <payeeName>Hagan for US Senate, Inc</payeeName>
      <recipientName>Senator Kay Hagan</recipientName>
      <amount>1,000.00</amount>
      <date>06/11/2013</date>
    </contribution>
    <contribution>
      <type>FECA</type>
      <contributorName>Self</contributorName>
      <payeeName>Friends of Mary Landrieu</payeeName>
      <recipientName>Senator Mary Landrieu</recipientName>
      <amount>1,000.00</amount>
      <date>06/27/2013</date>
    </contribution>
  </contributions>
</CONTRIBUTIONDISCLOSURE>