<?xml version="1.0"?>
<CONTRIBUTIONDISCLOSURE>
  <filerType>O</filerType>
  <organizationName>NATIONAL CORN GROWERS ASSN</organizationName>
  <lobbyistPrefix />
  <lobbyistFirstName />
  <lobbyistMiddleName />
  <lobbyistLastName />
  <lobbyistSuffix />
  <contactName>JON DOGGETT</contactName>
  <senateRegID>27558</senateRegID>
  <houseRegID>30598</houseRegID>
  <reportYear>2013</reportYear>
  <reportType>MM</reportType>
  <amendment>false</amendment>
  <comments>
  </comments>
  <signedDate>7/1/2013 3:50:33 PM</signedDate>
  <certifiedcontent>true</certifiedcontent>
  <noContributions>false</noContributions>
  <pacs>
    <pac>
      <name />
    </pac>
    <pac>
      <name>NATIONAL CORN GROWERS ASSOCIATION (NCGA)</name>
    </pac>
  </pacs>
  <contributions>
    <contribution>
      <type />
      <contributorName />
      <payeeName />
      <recipientName />
      <amount />
      <date />
    </contribution>
    <contribution>
      <type>FECA</type>
      <contributorName>NATIONAL CORN GROWERS ASSOCIATION (NCGA)</contributorName>
      <payeeName>HEIDI FOR SENATE
</payeeName>
      <recipientName>Senator Heidi Heitkamp</recipientName>
      <amount>1,000.00</amount>
      <date>01/17/2013</date>
    </contribution>
    <contribution>
      <type>FECA</type>
      <contributorName>NATIONAL CORN GROWERS ASSOCIATION (NCGA)</contributorName>
      <payeeName>DONNELLY FOR INDIANA
</payeeName>
      <recipientName>Senator Joe Donnelly</recipientName>
      <amount>1,000.00</amount>
      <date>01/24/2013</date>
    </contribution>
    <contribution>
      <type>FECA</type>
      <contributorName>NATIONAL CORN GROWERS ASSOCIATION (NCGA)</contributorName>
      <payeeName>LEE TERRY FOR CONGRESS
</payeeName>
      <recipientName>Congressman Lee Terry</recipientName>
      <amount>1,000.00</amount>
      <date>01/24/2013</date>
    </contribution>
    <contribution>
      <type>FECA</type>
      <contributorName>NATIONAL CORN GROWERS ASSOCIATION (NCGA)</contributorName>
      <payeeName>DEB FISCHER FOR US SENATE INC
</payeeName>
      <recipientName>Senator Deb Fischer</recipientName>
      <amount>2,500.00</amount>
      <date>01/24/2013</date>
    </contribution>
    <contribution>
      <type>FECA</type>
      <contributorName>NATIONAL CORN GROWERS ASSOCIATION (NCGA)</contributorName>
      <payeeName>LATHAM FOR CONGRESS
</payeeName>
      <recipientName>Congressman Tom Latham</recipientName>
      <amount>1,000.00</amount>
      <date>01/31/2013</date>
    </contribution>
    <contribution>
      <type>FECA</type>
      <contributorName>NATIONAL CORN GROWERS ASSOCIATION (NCGA)</contributorName>
      <payeeName>GRAVES FOR CONGRESS
</payeeName>
      <recipientName>Congressman Sam Graves</recipientName>
      <amount>1,000.00</amount>
      <date>01/31/2013</date>
    </contribution>
    <contribution>
      <type>FECA</type>
      <contributorName>NATIONAL CORN GROWERS ASSOCIATION (NCGA)</contributorName>
      <payeeName>KURT SCHRADER FOR CONGRESS
</payeeName>
      <recipientName>Congressman Kurt Schrader</recipientName>
      <amount>1,000.00</amount>
      <date>01/31/2013</date>
    </contribution>
    <contribution>
      <type>FECA</type>
      <contributorName>NATIONAL CORN GROWERS ASSOCIATION (NCGA)</contributorName>
      <payeeName>FRIENDS OF GLENN THOMPSON
</payeeName>
      <recipientName>Congressman Glenn Thompson</recipientName>
      <amount>1,000.00</amount>
      <date>01/31/2013</date>
    </contribution>
    <contribution>
      <type>FECA</type>
      <contributorName>NATIONAL CORN GROWERS ASSOCIATION (NCGA)</contributorName>
      <payeeName>ANDY BARR FOR CONGRESS, INC.
</payeeName>
      <recipientName>Congressman Andy Barr</recipientName>
      <amount>1,000.00</amount>
      <date>01/31/2013</date>
    </contribution>
    <contribution>
      <type>FECA</type>
      <contributorName>NATIONAL CORN GROWERS ASSOCIATION (NCGA)</contributorName>
      <payeeName>RODNEY FOR CONGRESS
</payeeName>
      <recipientName>Congressman Rodney Davis</recipientName>
      <amount>1,000.00</amount>
      <date>01/31/2013</date>
    </contribution>
    <contribution>
      <type>FECA</type>
      <contributorName>NATIONAL CORN GROWERS ASSOCIATION (NCGA)</contributorName>
      <payeeName>CITIZENS FOR COCHRAN
</payeeName>
      <recipientName>Senator Thad Cochran</recipientName>
      <amount>1,000.00</amount>
      <date>01/31/2013</date>
    </contribution>
    <contribution>
      <type>FECA</type>
      <contributorName>NATIONAL CORN GROWERS ASSOCIATION (NCGA)</contributorName>
      <payeeName>JOHANNS FOR SENATE INCORPORATED
</payeeName>
      <recipientName>Senator Mike Johanns</recipientName>
      <amount>1,000.00</amount>
      <date>01/31/2013</date>
    </contribution>
    <contribution>
      <type>FECA</type>
      <contributorName>NATIONAL CORN GROWERS ASSOCIATION (NCGA)</contributorName>
      <payeeName>VOTETIPTON.COM
</payeeName>
      <recipientName>Congressman Scott Tipton</recipientName>
      <amount>1,000.00</amount>
      <date>01/31/2013</date>
    </contribution>
    <contribution>
      <type>FECA</type>
      <contributorName>NATIONAL CORN GROWERS ASSOCIATION (NCGA)</contributorName>
      <payeeName>VOLUNTEERS FOR SHIMKUS
</payeeName>
      <recipientName>Congressman John Shimkus</recipientName>
      <amount>1,000.00</amount>
      <date>02/07/2013</date>
    </contribution>
    <contribution>
      <type>FECA</type>
      <contributorName>NATIONAL CORN GROWERS ASSOCIATION (NCGA)</contributorName>
      <payeeName>FRIENDS OF JACK KINGSTON
</payeeName>
      <recipientName>Congressman Jack Kingston</recipientName>
      <amount>1,000.00</amount>
      <date>02/07/2013</date>
    </contribution>
    <contribution>
      <type>FECA</type>
      <contributorName>NATIONAL CORN GROWERS ASSOCIATION (NCGA)</contributorName>
      <payeeName>UPTON FOR ALL OF US
</payeeName>
      <recipientName>Congressman Fred Upton</recipientName>
      <amount>1,000.00</amount>
      <date>02/07/2013</date>
    </contribution>
    <contribution>
      <type>FECA</type>
      <contributorName>NATIONAL CORN GROWERS ASSOCIATION (NCGA)</contributorName>
      <payeeName>HUDSON FOR CONGRESS
</payeeName>
      <recipientName>Congressman Richard Hudson</recipientName>
      <amount>1,000.00</amount>
      <date>02/07/2013</date>
    </contribution>
    <contribution>
      <type>FECA</type>
      <contributorName>NATIONAL CORN GROWERS ASSOCIATION (NCGA)</contributorName>
      <payeeName>KEEP NICK RAHALL IN CONGRESS COMMITTEE
</payeeName>
      <recipientName>Congressman Nick Rahall</recipientName>
      <amount>1,000.00</amount>
      <date>02/14/2013</date>
    </contribution>
    <contribution>
      <type>FECA</type>
      <contributorName>NATIONAL CORN GROWERS ASSOCIATION (NCGA)</contributorName>
      <payeeName>MARCIA FUDGE FOR CONGRESS
</payeeName>
      <recipientName>Congresswoman Marcia Fudge</recipientName>
      <amount>1,000.00</amount>
      <date>2/14/2013</date>
    </contribution>
    <contribution>
      <type>FECA</type>
      <contributorName>NATIONAL CORN GROWERS ASSOCIATION (NCGA)</contributorName>
      <payeeName>STEVE FINCHER FOR CONGRESS
</payeeName>
      <recipientName>Congressman Steve Fincher</recipientName>
      <amount>1,000.00</amount>
      <date>02/14/2013</date>
    </contribution>
    <contribution>
      <type>FECA</type>
      <contributorName>NATIONAL CORN GROWERS ASSOCIATION (NCGA)</contributorName>
      <payeeName>GIBBS FOR CONGRESS
</payeeName>
      <recipientName>Congressman Bob Gibbs</recipientName>
      <amount>1,000.00</amount>
      <date>3/21/2013</date>
    </contribution>
    <contribution>
      <type>FECA</type>
      <contributorName>NATIONAL CORN GROWERS ASSOCIATION (NCGA)</contributorName>
      <payeeName>HOEVEN FOR SENATE
</payeeName>
      <recipientName>Senator John Hoeven</recipientName>
      <amount>1,000.00</amount>
      <date>3/21/2013</date>
    </contribution>
    <contribution>
      <type>FECA</type>
      <contributorName>NATIONAL CORN GROWERS ASSOCIATION (NCGA)</contributorName>
      <payeeName>BLAINE FOR CONGRESS 2014
</payeeName>
      <recipientName>Congressman Blaine Leutkemeyer</recipientName>
      <amount>1,000.00</amount>
      <date>3/21/2013</date>
    </contribution>
    <contribution>
      <type>FECA</type>
      <contributorName>NATIONAL CORN GROWERS ASSOCIATION (NCGA)</contributorName>
      <payeeName>PETERSON FOR CONGRESS
</payeeName>
      <recipientName>Congressman Collin Peterson</recipientName>
      <amount>1,000.00</amount>
      <date>3/25/2013</date>
    </contribution>
    <contribution>
      <type>FECA</type>
      <contributorName>NATIONAL CORN GROWERS ASSOCIATION (NCGA)</contributorName>
      <payeeName>JOHN D. DINGELL FOR CONGRESS
</payeeName>
      <recipientName>Congressman John Dingell</recipientName>
      <amount>1,000.00</amount>
      <date>4/4/2013</date>
    </contribution>
    <contribution>
      <type>FECA</type>
      <contributorName>NATIONAL CORN GROWERS ASSOCIATION (NCGA)</contributorName>
      <payeeName>GARDNER FOR CONGRESS
</payeeName>
      <recipientName>Congressman Cory Gardner</recipientName>
      <amount>1,500.00</amount>
      <date>4/4/2013</date>
    </contribution>
    <contribution>
      <type>FECA</type>
      <contributorName>NATIONAL CORN GROWERS ASSOCIATION (NCGA)</contributorName>
      <payeeName>BILL SHUSTER FOR CONGRESS
</payeeName>
      <recipientName>Congressman Bill Schuster</recipientName>
      <amount>1,000.00</amount>
      <date>4/11/2013</date>
    </contribution>
    <contribution>
      <type>FECA</type>
      <contributorName>NATIONAL CORN GROWERS ASSOCIATION (NCGA)</contributorName>
      <payeeName>AUSTIN SCOTT FOR CONGRESS INC
</payeeName>
      <recipientName>Congressman Austin Scott</recipientName>
      <amount>1,000.00</amount>
      <date>4/11/2013</date>
    </contribution>
    <contribution>
      <type>FECA</type>
      <contributorName>NATIONAL CORN GROWERS ASSOCIATION (NCGA)</contributorName>
      <payeeName>GUTHRIE FOR CONGRESS
</payeeName>
      <recipientName>Congressman Brett Guthrie</recipientName>
      <amount>1,000.00</amount>
      <date>4/11/2013</date>
    </contribution>
    <contribution>
      <type>FECA</type>
      <contributorName>NATIONAL CORN GROWERS ASSOCIATION (NCGA)</contributorName>
      <payeeName>MARK PRYOR FOR US SENATE
</payeeName>
      <recipientName>Senator Mark Pryor</recipientName>
      <amount>1,000.00</amount>
      <date>4/11/2013</date>
    </contribution>
    <contribution>
      <type>FECA</type>
      <contributorName>NATIONAL CORN GROWERS ASSOCIATION (NCGA)</contributorName>
      <payeeName>FILEMON VELA FOR CONGRESS
</payeeName>
      <recipientName>Congressman Filemon Vela</recipientName>
      <amount>1,500.00</amount>
      <date>4/11/2013</date>
    </contribution>
    <contribution>
      <type>FECA</type>
      <contributorName>NATIONAL CORN GROWERS ASSOCIATION (NCGA)</contributorName>
      <payeeName>KRISTI FOR CONGRESS
</payeeName>
      <recipientName>Congresswoman Kristi Noem</recipientName>
      <amount>1,000.00</amount>
      <date>4/11/2013</date>
    </contribution>
    <contribution>
      <type>FECA</type>
      <contributorName>NATIONAL CORN GROWERS ASSOCIATION (NCGA)</contributorName>
      <payeeName>NOLAN FOR CONGRESS VOLUNTEER COMMITTEE
</payeeName>
      <recipientName>Congressman Richard Nolan</recipientName>
      <amount>1,000.00</amount>
      <date>4/11/2013</date>
    </contribution>
    <contribution>
      <type>FECA</type>
      <contributorName>NATIONAL CORN GROWERS ASSOCIATION (NCGA)</contributorName>
      <payeeName>LATHAM FOR CONGRESS
</payeeName>
      <recipientName>Congressman Tom Latham</recipientName>
      <amount>1,000.00</amount>
      <date>4/11/2013</date>
    </contribution>
    <contribution>
      <type>FECA</type>
      <contributorName>NATIONAL CORN GROWERS ASSOCIATION (NCGA)</contributorName>
      <payeeName>VOLUNTEERS FOR SHIMKUS
</payeeName>
      <recipientName>Congressman John Shimkus</recipientName>
      <amount>1,000.00</amount>
      <date>4/11/2013</date>
    </contribution>
    <contribution>
      <type>FECA</type>
      <contributorName>NATIONAL CORN GROWERS ASSOCIATION (NCGA)</contributorName>
      <payeeName>JEFF FORTENBERRY FOR UNITED STATES CONGRESS
</payeeName>
      <recipientName>Congressman Jeff Fortenberry</recipientName>
      <amount>2,500.00</amount>
      <date>4/11/2013</date>
    </contribution>
    <contribution>
      <type>FECA</type>
      <contributorName>NATIONAL CORN GROWERS ASSOCIATION (NCGA)</contributorName>
      <payeeName>KAPTUR FOR CONGRESS
</payeeName>
      <recipientName>Congresswoman Marcy Kaptur</recipientName>
      <amount>1,000.00</amount>
      <date>4/15/2013</date>
    </contribution>
    <contribution>
      <type>FECA</type>
      <contributorName>NATIONAL CORN GROWERS ASSOCIATION (NCGA)</contributorName>
      <payeeName>TIM WALZ FOR US CONGRESS
</payeeName>
      <recipientName>Congressman Tim Walz</recipientName>
      <amount>1,000.00</amount>
      <date>4/18/2013</date>
    </contribution>
    <contribution>
      <type>FECA</type>
      <contributorName>NATIONAL CORN GROWERS ASSOCIATION (NCGA)</contributorName>
      <payeeName>KAPTUR FOR CONGRESS
</payeeName>
      <recipientName>Congresswoman Marcy Kaptur</recipientName>
      <amount>1,000.00</amount>
      <date>4/18/2013</date>
    </contribution>
    <contribution>
      <type>FECA</type>
      <contributorName>NATIONAL CORN GROWERS ASSOCIATION (NCGA)</contributorName>
      <payeeName>GARDNER FOR CONGRESS
</payeeName>
      <recipientName>Congressman Cory Gardner</recipientName>
      <amount>1,000.00</amount>
      <date>4/18/2013</date>
    </contribution>
    <contribution>
      <type>FECA</type>
      <contributorName>NATIONAL CORN GROWERS ASSOCIATION (NCGA)</contributorName>
      <payeeName>CHRIS GIBSON FOR CONGRESS
</payeeName>
      <recipientName>Congressman Chris Gibson</recipientName>
      <amount>1,000.00</amount>
      <date>04/18/2013</date>
    </contribution>
    <contribution>
      <type>FECA</type>
      <contributorName>NATIONAL CORN GROWERS ASSOCIATION (NCGA)</contributorName>
      <payeeName>MIKE MCINTYRE FOR CONGRESS
</payeeName>
      <recipientName>Congressman Mike McIntyre</recipientName>
      <amount>1,000.00</amount>
      <date>04/25/2013</date>
    </contribution>
    <contribution>
      <type>FECA</type>
      <contributorName>NATIONAL CORN GROWERS ASSOCIATION (NCGA)</contributorName>
      <payeeName>WHITFIELD FOR CONGRESS COMMITTEE
</payeeName>
      <recipientName>Congressman Ed Whitfield</recipientName>
      <amount>1,000.00</amount>
      <date>04/25/2013</date>
    </contribution>
    <contribution>
      <type>FECA</type>
      <contributorName>NATIONAL CORN GROWERS ASSOCIATION (NCGA)</contributorName>
      <payeeName>MATHESON FOR CONGRESS
</payeeName>
      <recipientName>Congressman Jim Matheson</recipientName>
      <amount>1,500.00</amount>
      <date>4/25/2013</date>
    </contribution>
    <contribution>
      <type>FECA</type>
      <contributorName>NATIONAL CORN GROWERS ASSOCIATION (NCGA)</contributorName>
      <payeeName>FRIENDS OF MARY LANDRIEU INC
</payeeName>
      <recipientName>Senator Mary Landrieu</recipientName>
      <amount>1,000.00</amount>
      <date>5/6/2013</date>
    </contribution>
    <contribution>
      <type>FECA</type>
      <contributorName>NATIONAL CORN GROWERS ASSOCIATION (NCGA)</contributorName>
      <payeeName>BRALEY FOR CONGRESS
</payeeName>
      <recipientName>Congressman Bruce Braley</recipientName>
      <amount>2,500.00</amount>
      <date>5/15/2013</date>
    </contribution>
    <contribution>
      <type>FECA</type>
      <contributorName>NATIONAL CORN GROWERS ASSOCIATION (NCGA)</contributorName>
      <payeeName>FRIENDS OF JIM CLYBURN
</payeeName>
      <recipientName>Congressman Jim Clyburn</recipientName>
      <amount>1,500.00</amount>
      <date>5/23/2013</date>
    </contribution>
    <contribution>
      <type>FECA</type>
      <contributorName>NATIONAL CORN GROWERS ASSOCIATION (NCGA)</contributorName>
      <payeeName>HOYER FOR CONGRESS
</payeeName>
      <recipientName>Congressman Steny Hoyer</recipientName>
      <amount>2,500.00</amount>
      <date>5/23/2013</date>
    </contribution>
    <contribution>
      <type>FECA</type>
      <contributorName>NATIONAL CORN GROWERS ASSOCIATION (NCGA)</contributorName>
      <payeeName>CITIZENS FOR RUSH
</payeeName>
      <recipientName>Congressman Bobby Rush</recipientName>
      <amount>1,000.00</amount>
      <date>5/23/2013</date>
    </contribution>
    <contribution>
      <type>FECA</type>
      <contributorName>NATIONAL CORN GROWERS ASSOCIATION (NCGA)</contributorName>
      <payeeName>CASTRO FOR CONGRESS
</payeeName>
      <recipientName>Congressman Joaquin Castro</recipientName>
      <amount>1,000.00</amount>
      <date>5/23/2013</date>
    </contribution>
    <contribution>
      <type>FECA</type>
      <contributorName>NATIONAL CORN GROWERS ASSOCIATION (NCGA)</contributorName>
      <payeeName>DAVE CAMP FOR CONGRESS
</payeeName>
      <recipientName>Congressman Dave Camp</recipientName>
      <amount>1,000.00</amount>
      <date>6/6/2013</date>
    </contribution>
    <contribution>
      <type>FECA</type>
      <contributorName>NATIONAL CORN GROWERS ASSOCIATION (NCGA)</contributorName>
      <payeeName>GUTHRIE FOR CONGRESS
</payeeName>
      <recipientName>Congressman Brett Guthrie</recipientName>
      <amount>1,500.00</amount>
      <date>06/06/2013</date>
    </contribution>
    <contribution>
      <type>FECA</type>
      <contributorName>NATIONAL CORN GROWERS ASSOCIATION (NCGA)</contributorName>
      <payeeName>PAT ROBERTS FOR U S SENATE INC
</payeeName>
      <recipientName>Senator Pat Roberts</recipientName>
      <amount>1,500.00</amount>
      <date>6/6/2013</date>
    </contribution>
    <contribution>
      <type>FECA</type>
      <contributorName>NATIONAL CORN GROWERS ASSOCIATION (NCGA)</contributorName>
      <payeeName>ANDY BARR FOR CONGRESS, INC.
</payeeName>
      <recipientName>Congressman Andy Barr</recipientName>
      <amount>1,500.00</amount>
      <date>6/6/2013</date>
    </contribution>
    <contribution>
      <type>FECA</type>
      <contributorName>NATIONAL CORN GROWERS ASSOCIATION (NCGA)</contributorName>
      <payeeName>MORAN FOR KANSAS
</payeeName>
      <recipientName>Senator Jim Moran</recipientName>
      <amount>1,000.00</amount>
      <date>6/6/2013</date>
    </contribution>
    <contribution>
      <type>FECA</type>
      <contributorName>NATIONAL CORN GROWERS ASSOCIATION (NCGA)</contributorName>
      <payeeName>RE-ELECT MCGOVERN COMMITTEE
</payeeName>
      <recipientName>Congressman Jim McGovern</recipientName>
      <amount>1,500.00</amount>
      <date>6/13/2013</date>
    </contribution>
    <contribution>
      <type>FECA</type>
      <contributorName>NATIONAL CORN GROWERS ASSOCIATION (NCGA)</contributorName>
      <payeeName>HAGAN FOR US SENATE INC
</payeeName>
      <recipientName>Senator Kay Hagan</recipientName>
      <amount>1,500.00</amount>
      <date>06/13/2013</date>
    </contribution>
    <contribution>
      <type>FECA</type>
      <contributorName>NATIONAL CORN GROWERS ASSOCIATION (NCGA)</contributorName>
      <payeeName>AUSTIN SCOTT FOR CONGRESS INC
</payeeName>
      <recipientName>Congressman Austin Scott</recipientName>
      <amount>1,500.00</amount>
      <date>6/13/2013</date>
    </contribution>
    <contribution>
      <type>FECA</type>
      <contributorName>NATIONAL CORN GROWERS ASSOCIATION (NCGA)</contributorName>
      <payeeName>DAN COATS FOR INDIANA
</payeeName>
      <recipientName>Senator Dan Coats</recipientName>
      <amount>1,000.00</amount>
      <date>6/13/2013</date>
    </contribution>
    <contribution>
      <type>FECA</type>
      <contributorName>NATIONAL CORN GROWERS ASSOCIATION (NCGA)</contributorName>
      <payeeName>MIKE MCINTYRE FOR CONGRESS
</payeeName>
      <recipientName>Congressman Mike McIntyre</recipientName>
      <amount>1,000.00</amount>
      <date>6/13/2013</date>
    </contribution>
    <contribution>
      <type>FECA</type>
      <contributorName>NATIONAL CORN GROWERS ASSOCIATION (NCGA)</contributorName>
      <payeeName>LEE TERRY FOR CONGRESS
</payeeName>
      <recipientName>Congressman Lee Terry</recipientName>
      <amount>2,500.00</amount>
      <date>6/18/2013</date>
    </contribution>
    <contribution>
      <type>FECA</type>
      <contributorName>NATIONAL CORN GROWERS ASSOCIATION (NCGA)</contributorName>
      <payeeName>VOLUNTEERS FOR SHIMKUS
</payeeName>
      <recipientName>Congressman John Shimkus</recipientName>
      <amount>1,000.00</amount>
      <date>6/18/2013</date>
    </contribution>
    <contribution>
      <type>FECA</type>
      <contributorName>NATIONAL CORN GROWERS ASSOCIATION (NCGA)</contributorName>
      <payeeName>BRALEY FOR IOWA
</payeeName>
      <recipientName>Congressman Bruce Braley</recipientName>
      <amount>1,000.00</amount>
      <date>06/20/2013</date>
    </contribution>
    <contribution>
      <type>FECA</type>
      <contributorName>NATIONAL CORN GROWERS ASSOCIATION (NCGA)</contributorName>
      <payeeName>NANCY PELOSI FOR CONGRESS
</payeeName>
      <recipientName>Congresswoman Nancy Pelosi</recipientName>
      <amount>1,500.00</amount>
      <date>6/20/2013</date>
    </contribution>
  </contributions>
</CONTRIBUTIONDISCLOSURE>