<?xml version="1.0"?>
<CONTRIBUTIONDISCLOSURE>
  <filerType>O</filerType>
  <organizationName>Children's Cause for Cancer Advocacy</organizationName>
  <lobbyistPrefix />
  <lobbyistFirstName />
  <lobbyistMiddleName />
  <lobbyistLastName />
  <lobbyistSuffix />
  <contactName>Kristen Mizzi</contactName>
  <senateRegID>53287</senateRegID>
  <houseRegID>35027</houseRegID>
  <reportYear>2013</reportYear>
  <reportType>MM</reportType>
  <amendment>false</amendment>
  <comments>
  </comments>
  <signedDate>7/2/2013 3:25:05 PM</signedDate>
  <certifiedcontent>true</certifiedcontent>
  <noContributions>true</noContributions>
  <pacs>
    <pac>
      <name />
    </pac>
  </pacs>
  <contributions>
    <contribution>
      <type />
      <contributorName />
      <payeeName />
      <recipientName />
      <amount />
      <date />
    </contribution>
  </contributions>
</CONTRIBUTIONDISCLOSURE>