<?xml version="1.0"?>
<CONTRIBUTIONDISCLOSURE>
  <filerType>L</filerType>
  <organizationName>Mr. Andrew Wahlquist</organizationName>
  <lobbyistPrefix>Mr.</lobbyistPrefix>
  <lobbyistFirstName>ANDREW</lobbyistFirstName>
  <lobbyistMiddleName>Folkman</lobbyistMiddleName>
  <lobbyistLastName>WAHLQUIST</lobbyistLastName>
  <lobbyistSuffix />
  <contactName />
  <senateRegID>401047945</senateRegID>
  <houseRegID>42262</houseRegID>
  <reportYear>2013</reportYear>
  <reportType>MM</reportType>
  <amendment>false</amendment>
  <comments>
  </comments>
  <signedDate>7/1/2013 1:32:28 PM</signedDate>
  <certifiedcontent>true</certifiedcontent>
  <noContributions>false</noContributions>
  <pacs>
    <pac>
      <name />
    </pac>
  </pacs>
  <contributions>
    <contribution>
      <type />
      <contributorName />
      <payeeName />
      <recipientName />
      <amount />
      <date />
    </contribution>
    <contribution>
      <type>FECA</type>
      <contributorName>Self</contributorName>
      <payeeName>Gerry Connolly for Congress</payeeName>
      <recipientName>Cong. Gerry Connolly</recipientName>
      <amount>1,000.00</amount>
      <date>04/17/2013</date>
    </contribution>
  </contributions>
</CONTRIBUTIONDISCLOSURE>