<?xml version="1.0"?>
<CONTRIBUTIONDISCLOSURE>
  <filerType>L</filerType>
  <organizationName>AGILENT TECHNOLOGIES, INC</organizationName>
  <lobbyistPrefix>Mr.</lobbyistPrefix>
  <lobbyistFirstName>FRANK</lobbyistFirstName>
  <lobbyistMiddleName />
  <lobbyistLastName>ORLANDELLA</lobbyistLastName>
  <lobbyistSuffix />
  <contactName />
  <senateRegID>54051</senateRegID>
  <houseRegID>35014</houseRegID>
  <reportYear>2013</reportYear>
  <reportType>MM</reportType>
  <amendment>false</amendment>
  <comments>
  </comments>
  <signedDate>6/28/2013 3:27:03 PM</signedDate>
  <certifiedcontent>true</certifiedcontent>
  <noContributions>false</noContributions>
  <pacs>
    <pac>
      <name />
    </pac>
  </pacs>
  <contributions>
    <contribution>
      <type />
      <contributorName />
      <payeeName />
      <recipientName />
      <amount />
      <date />
    </contribution>
    <contribution>
      <type>FECA</type>
      <contributorName>Self</contributorName>
      <payeeName>Honda for Congress</payeeName>
      <recipientName>Congressman Mike Honda</recipientName>
      <amount>250.00</amount>
      <date>04/16/2013</date>
    </contribution>
    <contribution>
      <type>FECA</type>
      <contributorName>Self</contributorName>
      <payeeName>Honda for Congress</payeeName>
      <recipientName>Congressman Mike Honda</recipientName>
      <amount>250.00</amount>
      <date>06/12/2013</date>
    </contribution>
  </contributions>
</CONTRIBUTIONDISCLOSURE>