<?xml version="1.0"?>
<CONTRIBUTIONDISCLOSURE>
  <filerType>L</filerType>
  <organizationName>NATIONAL ASSOCIATION FOR HOME CARE &amp; HOSPICE</organizationName>
  <lobbyistPrefix>Mr.</lobbyistPrefix>
  <lobbyistFirstName>JAMES</lobbyistFirstName>
  <lobbyistMiddleName>JEFFREY</lobbyistMiddleName>
  <lobbyistLastName>KINCHELOE</lobbyistLastName>
  <lobbyistSuffix />
  <contactName />
  <senateRegID>26570</senateRegID>
  <houseRegID>32599</houseRegID>
  <reportYear>2013</reportYear>
  <reportType>MM</reportType>
  <amendment>false</amendment>
  <comments>
  </comments>
  <signedDate>7/1/2013 4:15:20 PM</signedDate>
  <certifiedcontent>true</certifiedcontent>
  <noContributions>false</noContributions>
  <pacs>
    <pac>
      <name />
    </pac>
  </pacs>
  <contributions>
    <contribution>
      <type />
      <contributorName />
      <payeeName />
      <recipientName />
      <amount />
      <date />
    </contribution>
    <contribution>
      <type>FECA</type>
      <contributorName>Self</contributorName>
      <payeeName>Walden for Congress</payeeName>
      <recipientName>Greg Walden</recipientName>
      <amount>500.00</amount>
      <date>05/02/2013</date>
    </contribution>
    <contribution>
      <type>FECA</type>
      <contributorName>Self</contributorName>
      <payeeName>Friends of Dick Durbin</payeeName>
      <recipientName>Dick Durbin</recipientName>
      <amount>1,000.00</amount>
      <date>03/17/2013</date>
    </contribution>
    <contribution>
      <type>FECA</type>
      <contributorName>Self</contributorName>
      <payeeName>Re-Elect McGovern Committee</payeeName>
      <recipientName>Jim McGovern</recipientName>
      <amount>500.00</amount>
      <date>03/17/2013</date>
    </contribution>
    <contribution>
      <type>FECA</type>
      <contributorName>Self</contributorName>
      <payeeName>Texans for John Cornyn</payeeName>
      <recipientName>John Cornyn</recipientName>
      <amount>500.00</amount>
      <date>03/17/2013</date>
    </contribution>
    <contribution>
      <type>FECA</type>
      <contributorName>Self</contributorName>
      <payeeName>Al Franken for Senate 2014</payeeName>
      <recipientName>Al Franken</recipientName>
      <amount>1,000.00</amount>
      <date>05/31/2013</date>
    </contribution>
    <contribution>
      <type>FECA</type>
      <contributorName>Self</contributorName>
      <payeeName>Home Care and Hospice PAC</payeeName>
      <recipientName>Home Care and Hospice PAC</recipientName>
      <amount>2,000.00</amount>
      <date>02/01/2013</date>
    </contribution>
    <contribution>
      <type>FECA</type>
      <contributorName>Self</contributorName>
      <payeeName>National Association for Home Care &amp; Hospice PAC</payeeName>
      <recipientName>National Association for Home Care &amp; Hospice PAC</recipientName>
      <amount>2,000.00</amount>
      <date>02/01/2013</date>
    </contribution>
  </contributions>
</CONTRIBUTIONDISCLOSURE>