<?xml version="1.0"?>
<CONTRIBUTIONDISCLOSURE>
  <filerType>L</filerType>
  <organizationName>Twenty-First Century Group, Inc.</organizationName>
  <lobbyistPrefix>Ms.</lobbyistPrefix>
  <lobbyistFirstName>JOCELYN</lobbyistFirstName>
  <lobbyistMiddleName />
  <lobbyistLastName>HONG</lobbyistLastName>
  <lobbyistSuffix />
  <contactName />
  <senateRegID>38687</senateRegID>
  <houseRegID>33675</houseRegID>
  <reportYear>2013</reportYear>
  <reportType>MM</reportType>
  <amendment>true</amendment>
  <comments>
  </comments>
  <signedDate>6/19/2013 2:04:54 PM</signedDate>
  <certifiedcontent>true</certifiedcontent>
  <noContributions>false</noContributions>
  <pacs>
    <pac>
      <name />
    </pac>
  </pacs>
  <contributions>
    <contribution>
      <type />
      <contributorName />
      <payeeName />
      <recipientName />
      <amount />
      <date />
    </contribution>
    <contribution>
      <type>FECA</type>
      <contributorName>Self</contributorName>
      <payeeName>People for Ben Lujan</payeeName>
      <recipientName>Ben Lujan</recipientName>
      <amount>250.00</amount>
      <date>01/15/2013</date>
    </contribution>
    <contribution>
      <type>FECA</type>
      <contributorName>Self</contributorName>
      <payeeName>Hanabusa for Senate</payeeName>
      <recipientName>Colleen Hanabusa</recipientName>
      <amount>500.00</amount>
      <date>06/19/2013</date>
    </contribution>
    <contribution>
      <type>FECA</type>
      <contributorName>Self</contributorName>
      <payeeName>Honda for Congress</payeeName>
      <recipientName>Mike Honda</recipientName>
      <amount>250.00</amount>
      <date>02/14/2013</date>
    </contribution>
    <contribution>
      <type>FECA</type>
      <contributorName>Self</contributorName>
      <payeeName>Napolitano for Congress</payeeName>
      <recipientName>Grace Napolitano</recipientName>
      <amount>250.00</amount>
      <date>2-14-13</date>
    </contribution>
    <contribution>
      <type>FECA</type>
      <contributorName>Self</contributorName>
      <payeeName>Judy Chu for Congress</payeeName>
      <recipientName>Judy Chu</recipientName>
      <amount>250.00</amount>
      <date>2-27-13</date>
    </contribution>
    <contribution>
      <type>FECA</type>
      <contributorName>Self</contributorName>
      <payeeName>Napolitano for Congress</payeeName>
      <recipientName>Grace Napolitano</recipientName>
      <amount>500.00</amount>
      <date>4-25-13</date>
    </contribution>
    <contribution>
      <type>FECA</type>
      <contributorName>Self</contributorName>
      <payeeName>CAPAC Leadership PAC</payeeName>
      <recipientName>Congressional Asian Pacific American Leadership Political Action Committee</recipientName>
      <amount>100.00</amount>
      <date>5-19-13</date>
    </contribution>
    <contribution>
      <type>FECA</type>
      <contributorName>Self</contributorName>
      <payeeName>Citizens for Rush</payeeName>
      <recipientName>Bobby Rush</recipientName>
      <amount>500.00</amount>
      <date>5-9-13</date>
    </contribution>
    <contribution>
      <type>FECA</type>
      <contributorName>Self</contributorName>
      <payeeName>Owens for Congress</payeeName>
      <recipientName>Bill Owens</recipientName>
      <amount>500.00</amount>
      <date>4-11-13</date>
    </contribution>
  </contributions>
</CONTRIBUTIONDISCLOSURE>