<?xml version="1.0"?>
<CONTRIBUTIONDISCLOSURE>
  <filerType>L</filerType>
  <organizationName>AMERICAN ACADEMY OF ORTHOPAEDIC SURGEONS</organizationName>
  <lobbyistPrefix>Mr.</lobbyistPrefix>
  <lobbyistFirstName>William</lobbyistFirstName>
  <lobbyistMiddleName>Robert</lobbyistMiddleName>
  <lobbyistLastName>Martin</lobbyistLastName>
  <lobbyistSuffix>MD</lobbyistSuffix>
  <contactName />
  <senateRegID>1375</senateRegID>
  <houseRegID>30315</houseRegID>
  <reportYear>2013</reportYear>
  <reportType>MM</reportType>
  <amendment>false</amendment>
  <comments>My employment with the AAOS terminates on June 21, 2013.  I have filed amended Q2 2013 reports removing my names from their lobbying rosters, in that, I am no longer actively lobbying on the American Academy/Association of Orthopaedic Surgeons behalf</comments>
  <signedDate>6/5/2013 3:26:01 PM</signedDate>
  <certifiedcontent>true</certifiedcontent>
  <noContributions>true</noContributions>
  <pacs>
    <pac>
      <name />
    </pac>
  </pacs>
  <contributions>
    <contribution>
      <type />
      <contributorName />
      <payeeName />
      <recipientName />
      <amount />
      <date />
    </contribution>
  </contributions>
</CONTRIBUTIONDISCLOSURE>