<?xml version="1.0"?>
<CONTRIBUTIONDISCLOSURE>
  <filerType>L</filerType>
  <organizationName>National Association for the Support of Long Term Care</organizationName>
  <lobbyistPrefix>Mrs.</lobbyistPrefix>
  <lobbyistFirstName>CYNTHIA</lobbyistFirstName>
  <lobbyistMiddleName>Klisz</lobbyistMiddleName>
  <lobbyistLastName>MORTON</lobbyistLastName>
  <lobbyistSuffix />
  <contactName />
  <senateRegID>400364697</senateRegID>
  <houseRegID>40482</houseRegID>
  <reportYear>2013</reportYear>
  <reportType>MM</reportType>
  <amendment>false</amendment>
  <comments>
  </comments>
  <signedDate>6/28/2013 4:58:45 PM</signedDate>
  <certifiedcontent>true</certifiedcontent>
  <noContributions>false</noContributions>
  <pacs>
    <pac>
      <name />
    </pac>
  </pacs>
  <contributions>
    <contribution>
      <type />
      <contributorName />
      <payeeName />
      <recipientName />
      <amount />
      <date />
    </contribution>
    <contribution>
      <type>FECA</type>
      <contributorName>Self</contributorName>
      <payeeName>Friend of Glenn Thompson</payeeName>
      <recipientName>none</recipientName>
      <amount>250.00</amount>
      <date>05/07/2013</date>
    </contribution>
  </contributions>
</CONTRIBUTIONDISCLOSURE>