<?xml version="1.0"?>
<CONTRIBUTIONDISCLOSURE>
  <filerType>O</filerType>
  <organizationName>Jochum Shore &amp; Trossevin PC (formerly Black Swan LLC - Jochum Shore &amp; Trossevin</organizationName>
  <lobbyistPrefix />
  <lobbyistFirstName />
  <lobbyistMiddleName />
  <lobbyistLastName />
  <lobbyistSuffix />
  <contactName>ANDREW M SHORE</contactName>
  <senateRegID>320793</senateRegID>
  <houseRegID>39560</houseRegID>
  <reportYear>2013</reportYear>
  <reportType>MM</reportType>
  <amendment>false</amendment>
  <comments>
  </comments>
  <signedDate>7/1/2013 1:36:43 PM</signedDate>
  <certifiedcontent>true</certifiedcontent>
  <noContributions>false</noContributions>
  <pacs>
    <pac>
      <name />
    </pac>
  </pacs>
  <contributions>
    <contribution>
      <type />
      <contributorName />
      <payeeName />
      <recipientName />
      <amount />
      <date />
    </contribution>
    <contribution>
      <type>FECA</type>
      <contributorName>Self</contributorName>
      <payeeName>Jason Chaffetz for Congress</payeeName>
      <recipientName>Jason Chaffetz</recipientName>
      <amount>500.00</amount>
      <date>04/10/2013</date>
    </contribution>
  </contributions>
</CONTRIBUTIONDISCLOSURE>