<?xml version="1.0"?>
<CONTRIBUTIONDISCLOSURE>
  <filerType>O</filerType>
  <organizationName>Mr. Alan McCoy</organizationName>
  <lobbyistPrefix />
  <lobbyistFirstName />
  <lobbyistMiddleName />
  <lobbyistLastName />
  <lobbyistSuffix />
  <contactName>Alan McCoy</contactName>
  <senateRegID>400877570</senateRegID>
  <houseRegID>41936</houseRegID>
  <reportYear>2013</reportYear>
  <reportType>MM</reportType>
  <amendment>false</amendment>
  <comments>
  </comments>
  <signedDate>7/1/2013 8:56:34 AM</signedDate>
  <certifiedcontent>true</certifiedcontent>
  <noContributions>false</noContributions>
  <pacs>
    <pac>
      <name />
    </pac>
  </pacs>
  <contributions>
    <contribution>
      <type />
      <contributorName />
      <payeeName />
      <recipientName />
      <amount />
      <date />
    </contribution>
    <contribution>
      <type>FECA</type>
      <contributorName>Self</contributorName>
      <payeeName>Friends of John Boehner</payeeName>
      <recipientName>Congressman John A. Boehner</recipientName>
      <amount>400.00</amount>
      <date>03/15/2013</date>
    </contribution>
    <contribution>
      <type>FECA</type>
      <contributorName>Self</contributorName>
      <payeeName>Friends of Sherrod Brown</payeeName>
      <recipientName>Senator Sherrod Brown</recipientName>
      <amount>250.00</amount>
      <date>05/13/2013</date>
    </contribution>
  </contributions>
</CONTRIBUTIONDISCLOSURE>