<?xml version="1.0"?>
<CONTRIBUTIONDISCLOSURE>
  <filerType>L</filerType>
  <organizationName>ANIMAL HEALTH INSTITUTE</organizationName>
  <lobbyistPrefix>Mr.</lobbyistPrefix>
  <lobbyistFirstName>RON</lobbyistFirstName>
  <lobbyistMiddleName />
  <lobbyistLastName>PHILLIPS</lobbyistLastName>
  <lobbyistSuffix />
  <contactName />
  <senateRegID>4037</senateRegID>
  <houseRegID>31446</houseRegID>
  <reportYear>2013</reportYear>
  <reportType>MM</reportType>
  <amendment>false</amendment>
  <comments>
  </comments>
  <signedDate>1/4/2013 11:59:43 AM</signedDate>
  <certifiedcontent>true</certifiedcontent>
  <noContributions>true</noContributions>
  <pacs>
    <pac>
      <name />
    </pac>
  </pacs>
  <contributions>
    <contribution>
      <type />
      <contributorName />
      <payeeName />
      <recipientName />
      <amount />
      <date />
    </contribution>
  </contributions>
</CONTRIBUTIONDISCLOSURE>