<?xml version="1.0"?>
<CONTRIBUTIONDISCLOSURE>
  <filerType>L</filerType>
  <organizationName>Butler Snow Omara Stevens and Cannada, PLLC</organizationName>
  <lobbyistPrefix>Mr.</lobbyistPrefix>
  <lobbyistFirstName>Sidney</lobbyistFirstName>
  <lobbyistMiddleName>P</lobbyistMiddleName>
  <lobbyistLastName>Allen</lobbyistLastName>
  <lobbyistSuffix>Jr.</lobbyistSuffix>
  <contactName />
  <senateRegID>400421012</senateRegID>
  <houseRegID>40660</houseRegID>
  <reportYear>2013</reportYear>
  <reportType>MM</reportType>
  <amendment>false</amendment>
  <comments>
  </comments>
  <signedDate>7/1/2013 4:44:00 PM</signedDate>
  <certifiedcontent>true</certifiedcontent>
  <noContributions>true</noContributions>
  <pacs>
    <pac>
      <name />
    </pac>
  </pacs>
  <contributions>
    <contribution>
      <type />
      <contributorName />
      <payeeName />
      <recipientName />
      <amount />
      <date />
    </contribution>
  </contributions>
</CONTRIBUTIONDISCLOSURE>