<?xml version="1.0"?>
<CONTRIBUTIONDISCLOSURE>
  <filerType>L</filerType>
  <organizationName>TRANSPORTATION COMMUNICATIONS INTERNATIONAL UNION/IAM</organizationName>
  <lobbyistPrefix>Mr.</lobbyistPrefix>
  <lobbyistFirstName>Mark</lobbyistFirstName>
  <lobbyistMiddleName>T</lobbyistMiddleName>
  <lobbyistLastName>Taylor</lobbyistLastName>
  <lobbyistSuffix />
  <contactName />
  <senateRegID>38368</senateRegID>
  <houseRegID>30563</houseRegID>
  <reportYear>2013</reportYear>
  <reportType>MM</reportType>
  <amendment>false</amendment>
  <comments>
  </comments>
  <signedDate>7/2/2013 2:45:01 PM</signedDate>
  <certifiedcontent>true</certifiedcontent>
  <noContributions>true</noContributions>
  <pacs>
    <pac>
      <name />
    </pac>
  </pacs>
  <contributions>
    <contribution>
      <type />
      <contributorName />
      <payeeName />
      <recipientName />
      <amount />
      <date />
    </contribution>
  </contributions>
</CONTRIBUTIONDISCLOSURE>