<?xml version="1.0"?>
<CONTRIBUTIONDISCLOSURE>
  <filerType>O</filerType>
  <organizationName>COUNCIL FOR RESPONSIBLE NUTRITION</organizationName>
  <lobbyistPrefix />
  <lobbyistFirstName />
  <lobbyistMiddleName />
  <lobbyistLastName />
  <lobbyistSuffix />
  <contactName>INGRID LEBERT</contactName>
  <senateRegID>11036</senateRegID>
  <houseRegID>32051</houseRegID>
  <reportYear>2013</reportYear>
  <reportType>MM</reportType>
  <amendment>false</amendment>
  <comments>
  </comments>
  <signedDate>7/1/2013 2:50:29 PM</signedDate>
  <certifiedcontent>true</certifiedcontent>
  <noContributions>false</noContributions>
  <pacs>
    <pac>
      <name />
    </pac>
    <pac>
      <name>Council for Responsible Nutrition Political Action Committee</name>
    </pac>
  </pacs>
  <contributions>
    <contribution>
      <type />
      <contributorName />
      <payeeName />
      <recipientName />
      <amount />
      <date />
    </contribution>
    <contribution>
      <type>FECA</type>
      <contributorName>Council for Responsible Nutrition Political Action Committee</contributorName>
      <payeeName>Matheson for Congress</payeeName>
      <recipientName>Rep. Jim Matheson (D-UT)</recipientName>
      <amount>3,000.00</amount>
      <date>01/24/2013</date>
    </contribution>
    <contribution>
      <type>FECA</type>
      <contributorName>Council for Responsible Nutrition Political Action Committee</contributorName>
      <payeeName>Kinzinger for Congress</payeeName>
      <recipientName>Rep. Adam Kinzinger (R-IL)</recipientName>
      <amount>1,000.00</amount>
      <date>02/15/2013</date>
    </contribution>
    <contribution>
      <type>FECA</type>
      <contributorName>Council for Responsible Nutrition Political Action Committee</contributorName>
      <payeeName>Pallone for Congress</payeeName>
      <recipientName>Rep. Frank Pallone (D-NJ)</recipientName>
      <amount>1,000.00</amount>
      <date>02/15/2013</date>
    </contribution>
    <contribution>
      <type>FECA</type>
      <contributorName>Council for Responsible Nutrition Political Action Committee</contributorName>
      <payeeName>Murphy for Congress</payeeName>
      <recipientName>Rep. Tim Murphy (R-PA)</recipientName>
      <amount>1,000.00</amount>
      <date>03/08/2013</date>
    </contribution>
    <contribution>
      <type>FECA</type>
      <contributorName>Council for Responsible Nutrition Political Action Committee</contributorName>
      <payeeName>Upton for All of Us</payeeName>
      <recipientName>Rep. Fred Upton (R-MI)</recipientName>
      <amount>1,000.00</amount>
      <date>03/29/2013</date>
    </contribution>
    <contribution>
      <type>FECA</type>
      <contributorName>Council for Responsible Nutrition Political Action Committee</contributorName>
      <payeeName>Braley for Iowa</payeeName>
      <recipientName>Rep. Bruce Braley (D-IA)</recipientName>
      <amount>1,000.00</amount>
      <date>04/12/2013</date>
    </contribution>
    <contribution>
      <type>FECA</type>
      <contributorName>Council for Responsible Nutrition Political Action Committee</contributorName>
      <payeeName>Tim Scott for Senate</payeeName>
      <recipientName>Sen. Tim Scott (R-SC)</recipientName>
      <amount>1,000.00</amount>
      <date>05/22/2013</date>
    </contribution>
    <contribution>
      <type>FECA</type>
      <contributorName>Council for Responsible Nutrition Political Action Committee</contributorName>
      <payeeName>Friends of Mike Lee</payeeName>
      <recipientName>Sen. Mike Lee (R-UT)</recipientName>
      <amount>1,000.00</amount>
      <date>05/31/2013</date>
    </contribution>
    <contribution>
      <type>FECA</type>
      <contributorName>Council for Responsible Nutrition Political Action Committee</contributorName>
      <payeeName>Alexander for Senate, Inc.</payeeName>
      <recipientName>Sen. Lamar Alexander (R-TN)</recipientName>
      <amount>2,000.00</amount>
      <date>05/31/2013</date>
    </contribution>
    <contribution>
      <type>FECA</type>
      <contributorName>Council for Responsible Nutrition Political Action Committee</contributorName>
      <payeeName>Braley for Iowa</payeeName>
      <recipientName>Rep. Bruce Braley (D-IA)</recipientName>
      <amount>1,000.00</amount>
      <date>06/21/2013</date>
    </contribution>
  </contributions>
</CONTRIBUTIONDISCLOSURE>