<?xml version="1.0"?>
<CONTRIBUTIONDISCLOSURE>
  <filerType>O</filerType>
  <organizationName>ROCKWELL COLLINS, INC</organizationName>
  <lobbyistPrefix />
  <lobbyistFirstName />
  <lobbyistMiddleName />
  <lobbyistLastName />
  <lobbyistSuffix />
  <contactName>TIMOTHY A. PETERSON</contactName>
  <senateRegID>68296</senateRegID>
  <houseRegID>35671</houseRegID>
  <reportYear>2013</reportYear>
  <reportType>MM</reportType>
  <amendment>false</amendment>
  <comments>
  </comments>
  <signedDate>7/3/2013 9:50:32 AM</signedDate>
  <certifiedcontent>true</certifiedcontent>
  <noContributions>false</noContributions>
  <pacs>
    <pac>
      <name />
    </pac>
    <pac>
      <name>Rockwell Collins Good Government Committee</name>
    </pac>
  </pacs>
  <contributions>
    <contribution>
      <type />
      <contributorName />
      <payeeName />
      <recipientName />
      <amount />
      <date />
    </contribution>
    <contribution>
      <type>FECA</type>
      <contributorName>Rockwell Collins Good Government Committee</contributorName>
      <payeeName>Citizens for Tom Petri,
1707 Prince St., #5, 
Alexandria, VA 22314</payeeName>
      <recipientName>Tom Petri</recipientName>
      <amount>500.00</amount>
      <date>01/23/2013</date>
    </contribution>
    <contribution>
      <type>FECA</type>
      <contributorName>Rockwell Collins Good Government Committee</contributorName>
      <payeeName>McConnell Senate Committee 2014
P.O. Box 1496
Louisville, KY 40201</payeeName>
      <recipientName>Mitch McConnell</recipientName>
      <amount>1,500.00</amount>
      <date>01/28/2013</date>
    </contribution>
    <contribution>
      <type>FECA</type>
      <contributorName>Rockwell Collins Good Government Committee</contributorName>
      <payeeName>21st Century PAC
2052 Lake Audubon Court
Reston, VA  20191</payeeName>
      <recipientName>Howard (Buck) McKeon</recipientName>
      <amount>1,000.00</amount>
      <date>02/04/2013</date>
    </contribution>
    <contribution>
      <type>FECA</type>
      <contributorName>Rockwell Collins Good Government Committee</contributorName>
      <payeeName>Texans for Senator John Cornyn
1020 N. Fairfax St., Suite #201
Alexandria, VA </payeeName>
      <recipientName>John Cornyn</recipientName>
      <amount>1,000.00</amount>
      <date>02/05/2013</date>
    </contribution>
    <contribution>
      <type>FECA</type>
      <contributorName>Rockwell Collins Good Government Committee</contributorName>
      <payeeName>Duncan D. Hunter for Congress
499 S. Capitol St., SW #420
Washington, DC 20003</payeeName>
      <recipientName>Duncan D. Hunter</recipientName>
      <amount>1,000.00</amount>
      <date>02/06/2013</date>
    </contribution>
    <contribution>
      <type>FECA</type>
      <contributorName>Rockwell Collins Good Government Committee</contributorName>
      <payeeName>Friends of Jeanne Shaheen
1010 Vermont Ave. NW #814
Washington, DC 20005</payeeName>
      <recipientName>Jeanne Shaheen</recipientName>
      <amount>1,000.00</amount>
      <date>2/7/13</date>
    </contribution>
    <contribution>
      <type>FECA</type>
      <contributorName>Rockwell Collins Good Government Committee</contributorName>
      <payeeName>Defend America PAC
499 S. Capitol St. SW, #420
Washington, DC 20003</payeeName>
      <recipientName>Richard Shelby</recipientName>
      <amount>1,000.00</amount>
      <date>2/7/13</date>
    </contribution>
    <contribution>
      <type>FECA</type>
      <contributorName>Rockwell Collins Good Government Committee</contributorName>
      <payeeName>Heartland Values PAC
P.O.Box 505
Sioux Falls, SD 57101</payeeName>
      <recipientName>John Thune</recipientName>
      <amount>1,000.00</amount>
      <date>02/7/2013</date>
    </contribution>
    <contribution>
      <type>FECA</type>
      <contributorName>Rockwell Collins Good Government Committee</contributorName>
      <payeeName>Bill Shuster for Congress
104 Hume Avenue
Alexandria, VA  22301</payeeName>
      <recipientName>Bill Shuster</recipientName>
      <amount>1,000.00</amount>
      <date>02/13/2013</date>
    </contribution>
    <contribution>
      <type>FECA</type>
      <contributorName>Rockwell Collins Good Government Committee</contributorName>
      <payeeName>LoBiondo for Congress
1707 Prince St., #5
Alexandria, VA 22314</payeeName>
      <recipientName>Frank LoBiondo</recipientName>
      <amount>500.00</amount>
      <date>02/26/2013</date>
    </contribution>
    <contribution>
      <type>FECA</type>
      <contributorName>Rockwell Collins Good Government Committee</contributorName>
      <payeeName>Friends of Max Baucus
122 C St., NW, Suite 240
Washington, DC 20001</payeeName>
      <recipientName>Max Baucus</recipientName>
      <amount>1,000.00</amount>
      <date>02/26/2013</date>
    </contribution>
    <contribution>
      <type>FECA</type>
      <contributorName>Rockwell Collins Good Government Committee</contributorName>
      <payeeName>Mark Pryor for U.S. Senate Committee
420 C Street NE
Washington, DC 20002</payeeName>
      <recipientName>Mark Pryor</recipientName>
      <amount>1,000.00</amount>
      <date>02/27/2013</date>
    </contribution>
    <contribution>
      <type>FECA</type>
      <contributorName>Rockwell Collins Good Government Committee</contributorName>
      <payeeName>The Hawkeye PAC
P.O. Box 192
Des Moines, IA 50301</payeeName>
      <recipientName>Chuck Grassley</recipientName>
      <amount>500.00</amount>
      <date>02/27/2013</date>
    </contribution>
    <contribution>
      <type>FECA</type>
      <contributorName>Rockwell Collins Good Government Committee</contributorName>
      <payeeName>Chris Gibson for Congress
P.O. Box 234
Saratoga Springs, NY 12866</payeeName>
      <recipientName>Chris Gibson</recipientName>
      <amount>1,000.00</amount>
      <date>03/04/2013</date>
    </contribution>
    <contribution>
      <type>FECA</type>
      <contributorName>Rockwell Collins Good Government Committee</contributorName>
      <payeeName>Pompeo for Congress
499 S. Capitol St., SW, Ste 420
Washington, DC 20003</payeeName>
      <recipientName>Mike Pompeo</recipientName>
      <amount>2,000.00</amount>
      <date>03/05/2013</date>
    </contribution>
    <contribution>
      <type>FECA</type>
      <contributorName>Rockwell Collins Good Government Committee</contributorName>
      <payeeName>Buck McKeon for Congress
23942 Lyons Ave., #105
Santa Clarita, CA  91321</payeeName>
      <recipientName>Howard "Buck" McKeon</recipientName>
      <amount>1,000.00</amount>
      <date>03/05/2013</date>
    </contribution>
    <contribution>
      <type>FECA</type>
      <contributorName>Rockwell Collins Good Government Committee</contributorName>
      <payeeName>Latham for Congress
217 Third St., SE
Washington, DC 20003</payeeName>
      <recipientName>Tom Latham</recipientName>
      <amount>1,000.00</amount>
      <date>03/05/2013</date>
    </contribution>
    <contribution>
      <type>FECA</type>
      <contributorName>Rockwell Collins Good Government Committee</contributorName>
      <payeeName>Friends of Jim Inhofe
406 Virginia Avenue
Alexandria, VA  22302</payeeName>
      <recipientName>Jim Inhofe</recipientName>
      <amount>1,000.00</amount>
      <date>03/07/2013</date>
    </contribution>
    <contribution>
      <type>FECA</type>
      <contributorName>Rockwell Collins Good Government Committee</contributorName>
      <payeeName>Adam Smith for Congress Committee
50 E St, SE, Suite #1
Washington, DC 20003</payeeName>
      <recipientName>Adam Smith</recipientName>
      <amount>500.00</amount>
      <date>03/07/2013</date>
    </contribution>
    <contribution>
      <type>FECA</type>
      <contributorName>Rockwell Collins Good Government Committee</contributorName>
      <payeeName>Latham for Congress
217 Third St., SE
Washington, DC 20003</payeeName>
      <recipientName>Tom Latham</recipientName>
      <amount>1,000.00</amount>
      <date>03/13/2013</date>
    </contribution>
    <contribution>
      <type>FECA</type>
      <contributorName>Rockwell Collins Good Government Committee</contributorName>
      <payeeName>Roberts for Senate
1737 H Street NW
Washington, DC 20006</payeeName>
      <recipientName>Pat Roberts</recipientName>
      <amount>1,000.00</amount>
      <date>03/18/2013</date>
    </contribution>
    <contribution>
      <type>FECA</type>
      <contributorName>Rockwell Collins Good Government Committee</contributorName>
      <payeeName>Bill Posey for Congress
P.O. Box 368
Falls Church, VA 22040</payeeName>
      <recipientName>Bill Posey</recipientName>
      <amount>1,000.00</amount>
      <date>03/19/2013</date>
    </contribution>
    <contribution>
      <type>FECA</type>
      <contributorName>Rockwell Collins Good Government Committee</contributorName>
      <payeeName>Schock for Congress
1301 K St NW, Suite 1050 East
Washington, DC 20005</payeeName>
      <recipientName>Aaron Schock</recipientName>
      <amount>1,000.00</amount>
      <date>03/20/2013</date>
    </contribution>
    <contribution>
      <type>FECA</type>
      <contributorName>Rockwell Collins Good Government Committee</contributorName>
      <payeeName>Barrow for Congress
236 Mass. Ave., NE, #603
Washington, DC 20002</payeeName>
      <recipientName>John Barrow</recipientName>
      <amount>1,000.00</amount>
      <date>03/21/2013</date>
    </contribution>
    <contribution>
      <type>FECA</type>
      <contributorName>Rockwell Collins Good Government Committee</contributorName>
      <payeeName>Loebsack for Congress
228 2nd Street, SE
Washington, DC 20003</payeeName>
      <recipientName>Dave Loebsack</recipientName>
      <amount>1,000.00</amount>
      <date>03/19/2013</date>
    </contribution>
    <contribution>
      <type>FECA</type>
      <contributorName>Rockwell Collins Good Government Committee</contributorName>
      <payeeName>Braley for Iowa
501 3rd St, NW, #210
Washington, DC 20001</payeeName>
      <recipientName>Bruce Braley</recipientName>
      <amount>1,000.00</amount>
      <date>03/20/2013</date>
    </contribution>
    <contribution>
      <type>FECA</type>
      <contributorName>Rockwell Collins Good Government Committee</contributorName>
      <payeeName>The Reed Committee
328 Mass. Ave., NE
Washington, DC 20002</payeeName>
      <recipientName>Jack Reed</recipientName>
      <amount>1,000.00</amount>
      <date>03/27/2013</date>
    </contribution>
    <contribution>
      <type>FECA</type>
      <contributorName>Rockwell Collins Good Government Committee</contributorName>
      <payeeName>Buck McKeon for Congress
23942 Lyons Ave., #105
Santa Clarita, CA 91321</payeeName>
      <recipientName>Howard "Buck" McKeon</recipientName>
      <amount>1,000.00</amount>
      <date>04/16/2013</date>
    </contribution>
    <contribution>
      <type>FECA</type>
      <contributorName>Rockwell Collins Good Government Committee</contributorName>
      <payeeName>Bill Shuster for Congress
104 Hume Avenue
Alexandria, VA 22301</payeeName>
      <recipientName>Bill Shuster</recipientName>
      <amount>1,000.00</amount>
      <date>04/16/2013</date>
    </contribution>
    <contribution>
      <type>FECA</type>
      <contributorName>Rockwell Collins Good Government Committee</contributorName>
      <payeeName>Bill Shuster for Congress
104 Hume Avenue
Alexandria, VA 22301</payeeName>
      <recipientName>Bill Shuster</recipientName>
      <amount>1,000.00</amount>
      <date>05/07/2013</date>
    </contribution>
    <contribution>
      <type>FECA</type>
      <contributorName>Rockwell Collins Good Government Committee</contributorName>
      <payeeName>Heartland Values PAC
P.O. Box 505
Sioux Falls, SD  57101</payeeName>
      <recipientName>John Thune</recipientName>
      <amount>1,000.00</amount>
      <date>05/08/2013</date>
    </contribution>
    <contribution>
      <type>FECA</type>
      <contributorName>Rockwell Collins Good Government Committee</contributorName>
      <payeeName>Chris Gibson for Congress
P.O. Box 234
Saratoga Springs, NY 12866</payeeName>
      <recipientName>Chris Gibson</recipientName>
      <amount>1,000.00</amount>
      <date>05/08/2013</date>
    </contribution>
    <contribution>
      <type>FECA</type>
      <contributorName>Rockwell Collins Good Government Committee</contributorName>
      <payeeName>Adam Smith for Congress
410 First St. SE, #310
Washington, DC 20003</payeeName>
      <recipientName>Adam Smith</recipientName>
      <amount>1,000.00</amount>
      <date>05/09/2013</date>
    </contribution>
    <contribution>
      <type>FECA</type>
      <contributorName>Rockwell Collins Good Government Committee</contributorName>
      <payeeName>Citizens to Elect Rick Larsen
P.O. Box 326
Everett, WA  98206</payeeName>
      <recipientName>Rick Larsen</recipientName>
      <amount>1,000.00</amount>
      <date>05/16/2013</date>
    </contribution>
    <contribution>
      <type>FECA</type>
      <contributorName>Rockwell Collins Good Government Committee</contributorName>
      <payeeName>The Reed Committee
328 Mass. Ave. NE
Washington, DC 20002</payeeName>
      <recipientName>Jack Reed</recipientName>
      <amount>1,000.00</amount>
      <date>06/04/2013</date>
    </contribution>
    <contribution>
      <type>FECA</type>
      <contributorName>Rockwell Collins Good Government Committee</contributorName>
      <payeeName>David Price for Congress
P.O. Box 1986
Raleigh, NC 27602</payeeName>
      <recipientName>David Price</recipientName>
      <amount>1,000.00</amount>
      <date>06/04/2013</date>
    </contribution>
    <contribution>
      <type>FECA</type>
      <contributorName>Rockwell Collins Good Government Committee</contributorName>
      <payeeName>Loebsack for Congress
228 2nd St., SE
Washington, DC 20003</payeeName>
      <recipientName>Dave Loebsack</recipientName>
      <amount>1,000.00</amount>
      <date>06/04/2013</date>
    </contribution>
    <contribution>
      <type>FECA</type>
      <contributorName>Rockwell Collins Good Government Committee</contributorName>
      <payeeName>Alaskans for Begich 2014
303 Mass. Ave., NE
Washington, DC 20002</payeeName>
      <recipientName>Mark Begich</recipientName>
      <amount>1,000.00</amount>
      <date>06/05/2013</date>
    </contribution>
    <contribution>
      <type>FECA</type>
      <contributorName>Rockwell Collins Good Government Committee</contributorName>
      <payeeName>Texans for Senator John Cornyn
1020 N. Fairfax St., #201
Alexandria, VA  22314</payeeName>
      <recipientName>John Cornyn</recipientName>
      <amount>1,000.00</amount>
      <date>06/05/2013</date>
    </contribution>
    <contribution>
      <type>FECA</type>
      <contributorName>Rockwell Collins Good Government Committee</contributorName>
      <payeeName>Pompeo for Congress
499 S. Capitol St., SW, #420
Washington, DC 20003</payeeName>
      <recipientName>Mike Pompeo</recipientName>
      <amount>1,000.00</amount>
      <date>06/05/2013</date>
    </contribution>
    <contribution>
      <type>FECA</type>
      <contributorName>Rockwell Collins Good Government Committee</contributorName>
      <payeeName>Latham for Congress
217 Third St., SE
Washington, DC 20003</payeeName>
      <recipientName>Tom Latham</recipientName>
      <amount>1,000.00</amount>
      <date>06/05/2013</date>
    </contribution>
    <contribution>
      <type>FECA</type>
      <contributorName>Rockwell Collins Good Government Committee</contributorName>
      <payeeName>Friends of Jim Inhofe
406 Virginia Avenue
Alexandria, VA  22302</payeeName>
      <recipientName>Jim Inhofe</recipientName>
      <amount>1,000.00</amount>
      <date>06/05/2013</date>
    </contribution>
    <contribution>
      <type>FECA</type>
      <contributorName>Rockwell Collins Good Government Committee</contributorName>
      <payeeName>Duncan D. Hunter for Congress
499 S. Capitol St. SW, #420
Washington, DC 20003</payeeName>
      <recipientName>Duncan D. Hunter</recipientName>
      <amount>1,000.00</amount>
      <date>06/12/2013</date>
    </contribution>
    <contribution>
      <type>FECA</type>
      <contributorName>Rockwell Collins Good Government Committee</contributorName>
      <payeeName>Bill Posey for Congress
P.O. Box 368
Falls Church, VA  22040</payeeName>
      <recipientName>Bill Posey</recipientName>
      <amount>1,000.00</amount>
      <date>06/13/2013</date>
    </contribution>
    <contribution>
      <type>FECA</type>
      <contributorName>Rockwell Collins Good Government Committee</contributorName>
      <payeeName>Friends of Trey Radel
1301 K St. NW, #1050 East
Washington, DC 20005</payeeName>
      <recipientName>Trey Radel</recipientName>
      <amount>1,000.00</amount>
      <date>06/14/2013</date>
    </contribution>
    <contribution>
      <type>FECA</type>
      <contributorName>Rockwell Collins Good Government Committee</contributorName>
      <payeeName>Friends of Frank Wolf
20 F St., NW, #500
Washington, DC 20001</payeeName>
      <recipientName>Frank Wolf</recipientName>
      <amount>1,000.00</amount>
      <date>06/18/2013</date>
    </contribution>
    <contribution>
      <type>FECA</type>
      <contributorName>Rockwell Collins Good Government Committee</contributorName>
      <payeeName>Braley for Iowa
501 3rd St, NW, Suite 210
Washington, DC 20001</payeeName>
      <recipientName>Bruce Braley</recipientName>
      <amount>1,000.00</amount>
      <date>06/19/2013</date>
    </contribution>
    <contribution>
      <type>FECA</type>
      <contributorName>Rockwell Collins Good Government Committee</contributorName>
      <payeeName>Buck McKeon for Congress
23942 Lyons Ave., #105
Santa Clarita, CA 91321</payeeName>
      <recipientName>Howard "Buck" McKeon</recipientName>
      <amount>1,000.00</amount>
      <date>06/20/2013</date>
    </contribution>
    <contribution>
      <type>FECA</type>
      <contributorName>Rockwell Collins Good Government Committee</contributorName>
      <payeeName>Dan Lipinski for Congress
P.O. Box 520
Western Springs, IL  60558</payeeName>
      <recipientName>Dan Lipinski</recipientName>
      <amount>1,000.00</amount>
      <date>06/28/2013</date>
    </contribution>
    <contribution>
      <type>FECA</type>
      <contributorName>Rockwell Collins Good Government Committee</contributorName>
      <payeeName>Friends of Jim Inhofe
406 Virginia Avenue
Alexandria, VA  22302</payeeName>
      <recipientName>Jim Inhofe</recipientName>
      <amount>1,000.00</amount>
      <date>06/27/2013</date>
    </contribution>
    <contribution>
      <type>FECA</type>
      <contributorName>Rockwell Collins Good Government Committee</contributorName>
      <payeeName>Chris Gibson for Congress
P.O. Box 234
Saratoga Springs, NY 12866</payeeName>
      <recipientName>Chris Gibson</recipientName>
      <amount>1,000.00</amount>
      <date>06/27/2013</date>
    </contribution>
    <contribution>
      <type>FECA</type>
      <contributorName>Rockwell Collins Good Government Committee</contributorName>
      <payeeName>Mica For Congress
20 F St., NW, Suite 500
Washington, DC 20001</payeeName>
      <recipientName>John Mica</recipientName>
      <amount>1,000.00</amount>
      <date>06/28/2013</date>
    </contribution>
  </contributions>
</CONTRIBUTIONDISCLOSURE>