<?xml version="1.0"?>
<CONTRIBUTIONDISCLOSURE>
  <filerType>L</filerType>
  <organizationName>BRUCE FENNIE &amp; ASSOCIATES</organizationName>
  <lobbyistPrefix>Mr.</lobbyistPrefix>
  <lobbyistFirstName>BRUCE</lobbyistFirstName>
  <lobbyistMiddleName>W</lobbyistMiddleName>
  <lobbyistLastName>FENNIE</lobbyistLastName>
  <lobbyistSuffix />
  <contactName />
  <senateRegID>57577</senateRegID>
  <houseRegID>35235</houseRegID>
  <reportYear>2013</reportYear>
  <reportType>MM</reportType>
  <amendment>false</amendment>
  <comments>
  </comments>
  <signedDate>6/14/2013 11:06:20 AM</signedDate>
  <certifiedcontent>true</certifiedcontent>
  <noContributions>true</noContributions>
  <pacs>
    <pac>
      <name />
    </pac>
  </pacs>
  <contributions>
    <contribution>
      <type />
      <contributorName />
      <payeeName />
      <recipientName />
      <amount />
      <date />
    </contribution>
  </contributions>
</CONTRIBUTIONDISCLOSURE>