<?xml version="1.0"?>
<CONTRIBUTIONDISCLOSURE>
  <filerType>L</filerType>
  <organizationName>KIMBERLY-CLARK CORPORATION</organizationName>
  <lobbyistPrefix>Mr.</lobbyistPrefix>
  <lobbyistFirstName>FRED</lobbyistFirstName>
  <lobbyistMiddleName>W</lobbyistMiddleName>
  <lobbyistLastName>SHAFFER</lobbyistLastName>
  <lobbyistSuffix />
  <contactName />
  <senateRegID>21585</senateRegID>
  <houseRegID>32438</houseRegID>
  <reportYear>2013</reportYear>
  <reportType>MM</reportType>
  <amendment>false</amendment>
  <comments>I am retiring from Kimberly-Clark Corporation today.  This will be my last LD-203 filing.  When the LD-2 report is filed for Kimberly-Clark for the second quarter of 2013, I will be listed as no longer lobbying on behalf of the company.</comments>
  <signedDate>5/31/2013 9:30:33 AM</signedDate>
  <certifiedcontent>true</certifiedcontent>
  <noContributions>true</noContributions>
  <pacs>
    <pac>
      <name />
    </pac>
  </pacs>
  <contributions>
    <contribution>
      <type />
      <contributorName />
      <payeeName />
      <recipientName />
      <amount />
      <date />
    </contribution>
  </contributions>
</CONTRIBUTIONDISCLOSURE>