<?xml version="1.0"?>
<CONTRIBUTIONDISCLOSURE>
  <filerType>L</filerType>
  <organizationName>GENERAL AVIATION MANUFACTURERS ASSOCIATION</organizationName>
  <lobbyistPrefix>Mrs.</lobbyistPrefix>
  <lobbyistFirstName>Amanda</lobbyistFirstName>
  <lobbyistMiddleName />
  <lobbyistLastName>Joyner</lobbyistLastName>
  <lobbyistSuffix />
  <contactName />
  <senateRegID>15942</senateRegID>
  <houseRegID>31491</houseRegID>
  <reportYear>2013</reportYear>
  <reportType>MM</reportType>
  <amendment>false</amendment>
  <comments>
  </comments>
  <signedDate>7/3/2013 9:18:28 AM</signedDate>
  <certifiedcontent>true</certifiedcontent>
  <noContributions>true</noContributions>
  <pacs>
    <pac>
      <name />
    </pac>
  </pacs>
  <contributions>
    <contribution>
      <type />
      <contributorName />
      <payeeName />
      <recipientName />
      <amount />
      <date />
    </contribution>
  </contributions>
</CONTRIBUTIONDISCLOSURE>