<?xml version="1.0"?>
<CONTRIBUTIONDISCLOSURE>
  <filerType>L</filerType>
  <organizationName>CYBER SECURITY RESEARCH CONSULTANTS, LLC</organizationName>
  <lobbyistPrefix>Mr.</lobbyistPrefix>
  <lobbyistFirstName>GEOFFREY</lobbyistFirstName>
  <lobbyistMiddleName />
  <lobbyistLastName>GLEASON</lobbyistLastName>
  <lobbyistSuffix />
  <contactName />
  <senateRegID>91694</senateRegID>
  <houseRegID>36815</houseRegID>
  <reportYear>2013</reportYear>
  <reportType>MM</reportType>
  <amendment>false</amendment>
  <comments>
  </comments>
  <signedDate>7/2/2013 12:52:46 PM</signedDate>
  <certifiedcontent>true</certifiedcontent>
  <noContributions>false</noContributions>
  <pacs>
    <pac>
      <name />
    </pac>
  </pacs>
  <contributions>
    <contribution>
      <type />
      <contributorName />
      <payeeName />
      <recipientName />
      <amount />
      <date />
    </contribution>
    <contribution>
      <type>FECA</type>
      <contributorName>Self</contributorName>
      <payeeName>Hal Rogers for Congress</payeeName>
      <recipientName>Hal Rogers</recipientName>
      <amount>1,000.00</amount>
      <date>02/10/2013</date>
    </contribution>
    <contribution>
      <type>FECA</type>
      <contributorName>Self</contributorName>
      <payeeName>Hal Rogers for Congress</payeeName>
      <recipientName>Hal Rogers</recipientName>
      <amount>1,000.00</amount>
      <date>04/09/2013</date>
    </contribution>
    <contribution>
      <type>FECA</type>
      <contributorName>Self</contributorName>
      <payeeName>Chris Gibson for Congress</payeeName>
      <recipientName>Chris Gibson</recipientName>
      <amount>500.00</amount>
      <date>05/08/2013</date>
    </contribution>
    <contribution>
      <type>FECA</type>
      <contributorName>Self</contributorName>
      <payeeName>Hal Rogers for Congress</payeeName>
      <recipientName>Hal Rogers</recipientName>
      <amount>1,000.00</amount>
      <date>05/28/2013</date>
    </contribution>
  </contributions>
</CONTRIBUTIONDISCLOSURE>