<?xml version="1.0"?>
<CONTRIBUTIONDISCLOSURE>
  <filerType>L</filerType>
  <organizationName>PHARMACEUTICAL RESEARCH AND MANUFACTURERS OF AMERICA</organizationName>
  <lobbyistPrefix>Mr.</lobbyistPrefix>
  <lobbyistFirstName>Sascha</lobbyistFirstName>
  <lobbyistMiddleName />
  <lobbyistLastName>Haverfield-Gross</lobbyistLastName>
  <lobbyistSuffix />
  <contactName />
  <senateRegID>31350</senateRegID>
  <houseRegID>30654</houseRegID>
  <reportYear>2013</reportYear>
  <reportType>MM</reportType>
  <amendment>false</amendment>
  <comments>
  </comments>
  <signedDate>6/26/2013 10:34:50 AM</signedDate>
  <certifiedcontent>true</certifiedcontent>
  <noContributions>true</noContributions>
  <pacs>
    <pac>
      <name />
    </pac>
  </pacs>
  <contributions>
    <contribution>
      <type />
      <contributorName />
      <payeeName />
      <recipientName />
      <amount />
      <date />
    </contribution>
  </contributions>
</CONTRIBUTIONDISCLOSURE>