<?xml version="1.0"?>
<CONTRIBUTIONDISCLOSURE>
  <filerType>L</filerType>
  <organizationName>QinetiQ North America</organizationName>
  <lobbyistPrefix>Mr.</lobbyistPrefix>
  <lobbyistFirstName>SCOTT</lobbyistFirstName>
  <lobbyistMiddleName />
  <lobbyistLastName>KLEIN</lobbyistLastName>
  <lobbyistSuffix />
  <contactName />
  <senateRegID>400276324</senateRegID>
  <houseRegID>40108</houseRegID>
  <reportYear>2013</reportYear>
  <reportType>MM</reportType>
  <amendment>false</amendment>
  <comments>Lobbying Registrant termination on June 27, 2013.</comments>
  <signedDate>6/27/2013 11:01:23 AM</signedDate>
  <certifiedcontent>true</certifiedcontent>
  <noContributions>true</noContributions>
  <pacs>
    <pac>
      <name />
    </pac>
  </pacs>
  <contributions>
    <contribution>
      <type />
      <contributorName />
      <payeeName />
      <recipientName />
      <amount />
      <date />
    </contribution>
  </contributions>
</CONTRIBUTIONDISCLOSURE>