<?xml version="1.0"?>
<CONTRIBUTIONDISCLOSURE>
  <filerType>L</filerType>
  <organizationName>LEADINGAGE (FKA AMER. ASSOC. OF HOMES AND SERVICES FOR THE AGING)</organizationName>
  <lobbyistPrefix>Mr.</lobbyistPrefix>
  <lobbyistFirstName>Cory</lobbyistFirstName>
  <lobbyistMiddleName />
  <lobbyistLastName>Kallheim</lobbyistLastName>
  <lobbyistSuffix />
  <contactName />
  <senateRegID>1604</senateRegID>
  <houseRegID>31709</houseRegID>
  <reportYear>2013</reportYear>
  <reportType>MM</reportType>
  <amendment>false</amendment>
  <comments>
  </comments>
  <signedDate>7/2/2013 10:01:00 AM</signedDate>
  <certifiedcontent>true</certifiedcontent>
  <noContributions>true</noContributions>
  <pacs>
    <pac>
      <name />
    </pac>
  </pacs>
  <contributions>
    <contribution>
      <type />
      <contributorName />
      <payeeName />
      <recipientName />
      <amount />
      <date />
    </contribution>
  </contributions>
</CONTRIBUTIONDISCLOSURE>