<?xml version="1.0"?>
<CONTRIBUTIONDISCLOSURE>
  <filerType>O</filerType>
  <organizationName>American Gaming Association</organizationName>
  <lobbyistPrefix />
  <lobbyistFirstName />
  <lobbyistMiddleName />
  <lobbyistLastName />
  <lobbyistSuffix />
  <contactName>Judy Patterson</contactName>
  <senateRegID>2434</senateRegID>
  <houseRegID>31659</houseRegID>
  <reportYear>2013</reportYear>
  <reportType>MM</reportType>
  <amendment>false</amendment>
  <comments>
  </comments>
  <signedDate>7/2/2013 8:41:48 AM</signedDate>
  <certifiedcontent>true</certifiedcontent>
  <noContributions>false</noContributions>
  <pacs>
    <pac>
      <name />
    </pac>
  </pacs>
  <contributions>
    <contribution>
      <type />
      <contributorName />
      <payeeName />
      <recipientName />
      <amount />
      <date />
    </contribution>
    <contribution>
      <type>FECA</type>
      <contributorName>Self</contributorName>
      <payeeName>The National Coalition on Black Civic Participation</payeeName>
      <recipientName>The National Coalition on Black Civic Participatioin</recipientName>
      <amount>5,000.00</amount>
      <date>01/31/2013</date>
    </contribution>
    <contribution>
      <type>FECA</type>
      <contributorName>Self</contributorName>
      <payeeName>Congressional Hispanic Caucus</payeeName>
      <recipientName>Congressional Hispanic Caucus</recipientName>
      <amount>2,500.00</amount>
      <date>01/31/2013</date>
    </contribution>
    <contribution>
      <type>FECA</type>
      <contributorName>Self</contributorName>
      <payeeName>FY Chang Education Foundation</payeeName>
      <recipientName>FY Chang Education Foundation</recipientName>
      <amount>10,000.00</amount>
      <date>01/31/2013</date>
    </contribution>
    <contribution>
      <type>FECA</type>
      <contributorName>Self</contributorName>
      <payeeName>Pearl and Ivy Education Foundation</payeeName>
      <recipientName>Pearl and Ivy Education Foundation</recipientName>
      <amount>1,000.00</amount>
      <date>03/08/2013</date>
    </contribution>
    <contribution>
      <type>FECA</type>
      <contributorName>Self</contributorName>
      <payeeName>GOPAC</payeeName>
      <recipientName>GOPAC</recipientName>
      <amount>2,500.00</amount>
      <date>03/05/2013</date>
    </contribution>
    <contribution>
      <type>FECA</type>
      <contributorName>Self</contributorName>
      <payeeName>NCMEC</payeeName>
      <recipientName>NCMEC</recipientName>
      <amount>7,500.00</amount>
      <date>04/23/2013</date>
    </contribution>
    <contribution>
      <type>FECA</type>
      <contributorName>Self</contributorName>
      <payeeName>NAACP</payeeName>
      <recipientName>NAACP</recipientName>
      <amount>1,000.00</amount>
      <date>06/04/2013</date>
    </contribution>
    <contribution>
      <type>FECA</type>
      <contributorName>Self</contributorName>
      <payeeName>CBC Institute</payeeName>
      <recipientName>CBC Institute</recipientName>
      <amount>10,000.00</amount>
      <date>06/20/2013</date>
    </contribution>
    <contribution>
      <type>FECA</type>
      <contributorName>Self</contributorName>
      <payeeName>Hoops for Youth</payeeName>
      <recipientName>Hoops for Youth</recipientName>
      <amount>1,000.00</amount>
      <date>06/24/2013</date>
    </contribution>
  </contributions>
</CONTRIBUTIONDISCLOSURE>