<?xml version="1.0"?>
<CONTRIBUTIONDISCLOSURE>
  <filerType>L</filerType>
  <organizationName>Low Income Investment Fund</organizationName>
  <lobbyistPrefix>Mr.</lobbyistPrefix>
  <lobbyistFirstName>COREY</lobbyistFirstName>
  <lobbyistMiddleName />
  <lobbyistLastName>CARLISLE</lobbyistLastName>
  <lobbyistSuffix />
  <contactName />
  <senateRegID>400359654</senateRegID>
  <houseRegID>40422</houseRegID>
  <reportYear>2013</reportYear>
  <reportType>MM</reportType>
  <amendment>false</amendment>
  <comments>As of March 8, 2013, I will no longer be working for LIIF and will not be engaging in lobbying activities with my new employer. I intend to de-list with this registry.</comments>
  <signedDate>3/7/2013 11:46:46 AM</signedDate>
  <certifiedcontent>true</certifiedcontent>
  <noContributions>true</noContributions>
  <pacs>
    <pac>
      <name />
    </pac>
  </pacs>
  <contributions>
    <contribution>
      <type />
      <contributorName />
      <payeeName />
      <recipientName />
      <amount />
      <date />
    </contribution>
  </contributions>
</CONTRIBUTIONDISCLOSURE>