<?xml version="1.0"?>
<CONTRIBUTIONDISCLOSURE>
  <filerType>L</filerType>
  <organizationName>AMERICAN INSTITUTE OF CERTIFIED PUBLIC ACCOUNTANTS</organizationName>
  <lobbyistPrefix>Mr.</lobbyistPrefix>
  <lobbyistFirstName>BENSON</lobbyistFirstName>
  <lobbyistMiddleName>S.</lobbyistMiddleName>
  <lobbyistLastName>GOLDSTEIN</lobbyistLastName>
  <lobbyistSuffix />
  <contactName />
  <senateRegID>2640</senateRegID>
  <houseRegID>30772</houseRegID>
  <reportYear>2013</reportYear>
  <reportType>MM</reportType>
  <amendment>false</amendment>
  <comments>This is my final DD-203 Contribution Report.  I left employment with the American Institute of Certified Public Accountants on April 15, 2013, and thus, I am no longer working as a lobbyist or employed as a lobbyist for any organization.</comments>
  <signedDate>5/6/2013 1:21:24 PM</signedDate>
  <certifiedcontent>true</certifiedcontent>
  <noContributions>true</noContributions>
  <pacs>
    <pac>
      <name />
    </pac>
  </pacs>
  <contributions>
    <contribution>
      <type />
      <contributorName />
      <payeeName />
      <recipientName />
      <amount />
      <date />
    </contribution>
  </contributions>
</CONTRIBUTIONDISCLOSURE>