<?xml version="1.0"?>
<CONTRIBUTIONDISCLOSURE>
  <filerType>L</filerType>
  <organizationName>MILITARY OFFICERS ASSOCIATION OF AMERICA</organizationName>
  <lobbyistPrefix>Mr.</lobbyistPrefix>
  <lobbyistFirstName>Matthew</lobbyistFirstName>
  <lobbyistMiddleName>Patrick</lobbyistMiddleName>
  <lobbyistLastName>Murphy</lobbyistLastName>
  <lobbyistSuffix />
  <contactName />
  <senateRegID>33168</senateRegID>
  <houseRegID>30414</houseRegID>
  <reportYear>2013</reportYear>
  <reportType>MM</reportType>
  <amendment>false</amendment>
  <comments>
  </comments>
  <signedDate>6/27/2013 2:27:57 PM</signedDate>
  <certifiedcontent>true</certifiedcontent>
  <noContributions>true</noContributions>
  <pacs>
    <pac>
      <name />
    </pac>
  </pacs>
  <contributions>
    <contribution>
      <type />
      <contributorName />
      <payeeName />
      <recipientName />
      <amount />
      <date />
    </contribution>
  </contributions>
</CONTRIBUTIONDISCLOSURE>