<?xml version="1.0"?>
<CONTRIBUTIONDISCLOSURE>
  <filerType>L</filerType>
  <organizationName>GENERAL ELECTRIC COMPANY</organizationName>
  <lobbyistPrefix>Ms.</lobbyistPrefix>
  <lobbyistFirstName>LYNN</lobbyistFirstName>
  <lobbyistMiddleName>H</lobbyistMiddleName>
  <lobbyistLastName>THOMSON</lobbyistLastName>
  <lobbyistSuffix />
  <contactName />
  <senateRegID>15997</senateRegID>
  <houseRegID>31108</houseRegID>
  <reportYear>2013</reportYear>
  <reportType>MM</reportType>
  <amendment>false</amendment>
  <comments>GEPAC and GEPAC Federal are separate segregated funds of General Electric, a registrant, and their contributions are reported by GE.

</comments>
  <signedDate>7/2/2013 3:58:02 PM</signedDate>
  <certifiedcontent>true</certifiedcontent>
  <noContributions>true</noContributions>
  <pacs>
    <pac>
      <name />
    </pac>
    <pac>
      <name>aGeneral Electric Political Action Committee (GEPAC)</name>
    </pac>
    <pac>
      <name>aGeneral Electric Political Action Committee Federal </name>
    </pac>
  </pacs>
  <contributions>
    <contribution>
      <type />
      <contributorName />
      <payeeName />
      <recipientName />
      <amount />
      <date />
    </contribution>
  </contributions>
</CONTRIBUTIONDISCLOSURE>