<?xml version="1.0"?>
<CONTRIBUTIONDISCLOSURE>
  <filerType>L</filerType>
  <organizationName>Kemp Group LLC (DBA - Kemp Partners)</organizationName>
  <lobbyistPrefix>Mr.</lobbyistPrefix>
  <lobbyistFirstName>JAMES</lobbyistFirstName>
  <lobbyistMiddleName />
  <lobbyistLastName>KEMP</lobbyistLastName>
  <lobbyistSuffix />
  <contactName />
  <senateRegID>87676</senateRegID>
  <houseRegID>36622</houseRegID>
  <reportYear>2013</reportYear>
  <reportType>MM</reportType>
  <amendment>true</amendment>
  <comments>
  </comments>
  <signedDate>7/3/2013 11:09:48 AM</signedDate>
  <certifiedcontent>true</certifiedcontent>
  <noContributions>false</noContributions>
  <pacs>
    <pac>
      <name />
    </pac>
  </pacs>
  <contributions>
    <contribution>
      <type />
      <contributorName />
      <payeeName />
      <recipientName />
      <amount />
      <date />
    </contribution>
    <contribution>
      <type>FECA</type>
      <contributorName>Self</contributorName>
      <payeeName>Ryan, Prosperity Action, Inc.</payeeName>
      <recipientName>Congressman Paul Ryan</recipientName>
      <amount>2,500.00</amount>
      <date>05/07/2013</date>
    </contribution>
  </contributions>
</CONTRIBUTIONDISCLOSURE>