<?xml version="1.0"?>
<CONTRIBUTIONDISCLOSURE>
  <filerType>L</filerType>
  <organizationName>NATIONAL ELECTRICAL MANUFACTURERS ASSOCIATION</organizationName>
  <lobbyistPrefix>Ms.</lobbyistPrefix>
  <lobbyistFirstName>SARAH</lobbyistFirstName>
  <lobbyistMiddleName>A.</lobbyistMiddleName>
  <lobbyistLastName>OWEN</lobbyistLastName>
  <lobbyistSuffix />
  <contactName />
  <senateRegID>27753</senateRegID>
  <houseRegID>30382</houseRegID>
  <reportYear>2013</reportYear>
  <reportType>MM</reportType>
  <amendment>false</amendment>
  <comments>
  </comments>
  <signedDate>6/10/2013 3:00:54 PM</signedDate>
  <certifiedcontent>true</certifiedcontent>
  <noContributions>true</noContributions>
  <pacs>
    <pac>
      <name />
    </pac>
  </pacs>
  <contributions>
    <contribution>
      <type />
      <contributorName />
      <payeeName />
      <recipientName />
      <amount />
      <date />
    </contribution>
  </contributions>
</CONTRIBUTIONDISCLOSURE>