<?xml version="1.0"?>
<CONTRIBUTIONDISCLOSURE>
  <filerType>L</filerType>
  <organizationName>Birch, Horton, Bittner &amp; Cherot</organizationName>
  <lobbyistPrefix>Ms.</lobbyistPrefix>
  <lobbyistFirstName>EDWINA</lobbyistFirstName>
  <lobbyistMiddleName />
  <lobbyistLastName>LANGENBERG-MILLER</lobbyistLastName>
  <lobbyistSuffix />
  <contactName />
  <senateRegID>6256</senateRegID>
  <houseRegID>31579</houseRegID>
  <reportYear>2013</reportYear>
  <reportType>MM</reportType>
  <amendment>false</amendment>
  <comments>Please let me know if you have any questions regarding this report.  This report was completed during my last day as a lobbyist, and thus, filed early.</comments>
  <signedDate>6/5/2013 11:59:34 AM</signedDate>
  <certifiedcontent>true</certifiedcontent>
  <noContributions>true</noContributions>
  <pacs>
    <pac>
      <name />
    </pac>
  </pacs>
  <contributions>
    <contribution>
      <type />
      <contributorName />
      <payeeName />
      <recipientName />
      <amount />
      <date />
    </contribution>
  </contributions>
</CONTRIBUTIONDISCLOSURE>