<?xml version="1.0"?>
<CONTRIBUTIONDISCLOSURE>
  <filerType>O</filerType>
  <organizationName>BancVue</organizationName>
  <lobbyistPrefix />
  <lobbyistFirstName />
  <lobbyistMiddleName />
  <lobbyistLastName />
  <lobbyistSuffix />
  <contactName>Terri Flow</contactName>
  <senateRegID>400991824</senateRegID>
  <houseRegID>42150</houseRegID>
  <reportYear>2013</reportYear>
  <reportType>MM</reportType>
  <amendment>false</amendment>
  <comments>
  </comments>
  <signedDate>7/3/2013 11:17:50 AM</signedDate>
  <certifiedcontent>true</certifiedcontent>
  <noContributions>false</noContributions>
  <pacs>
    <pac>
      <name />
    </pac>
  </pacs>
  <contributions>
    <contribution>
      <type />
      <contributorName />
      <payeeName />
      <recipientName />
      <amount />
      <date />
    </contribution>
    <contribution>
      <type>FECA</type>
      <contributorName>Self</contributorName>
      <payeeName>Terri Flow</payeeName>
      <recipientName>Friends of Jeb Hensarling</recipientName>
      <amount>100.00</amount>
      <date>04/23/2013</date>
    </contribution>
    <contribution>
      <type>FECA</type>
      <contributorName>Self</contributorName>
      <payeeName>Patrick Laughlin</payeeName>
      <recipientName>Friends of Jeb Hensarling</recipientName>
      <amount>250.00</amount>
      <date>04/23/2013</date>
    </contribution>
  </contributions>
</CONTRIBUTIONDISCLOSURE>