<?xml version="1.0"?>
<CONTRIBUTIONDISCLOSURE>
  <filerType>L</filerType>
  <organizationName>Jochum Shore &amp; Trossevin PC (formerly Black Swan LLC - Jochum Shore &amp; Trossevin</organizationName>
  <lobbyistPrefix>Ms.</lobbyistPrefix>
  <lobbyistFirstName>MARGUERITE</lobbyistFirstName>
  <lobbyistMiddleName />
  <lobbyistLastName>TROSSEVIN</lobbyistLastName>
  <lobbyistSuffix />
  <contactName />
  <senateRegID>320793</senateRegID>
  <houseRegID>39560</houseRegID>
  <reportYear>2013</reportYear>
  <reportType>MM</reportType>
  <amendment>false</amendment>
  <comments>
  </comments>
  <signedDate>7/2/2013 11:18:11 AM</signedDate>
  <certifiedcontent>true</certifiedcontent>
  <noContributions>true</noContributions>
  <pacs>
    <pac>
      <name />
    </pac>
  </pacs>
  <contributions>
    <contribution>
      <type />
      <contributorName />
      <payeeName />
      <recipientName />
      <amount />
      <date />
    </contribution>
  </contributions>
</CONTRIBUTIONDISCLOSURE>