<?xml version="1.0"?>
<CONTRIBUTIONDISCLOSURE>
  <filerType>L</filerType>
  <organizationName>The Michael Lewan Company</organizationName>
  <lobbyistPrefix>Mr.</lobbyistPrefix>
  <lobbyistFirstName>MICHAEL</lobbyistFirstName>
  <lobbyistMiddleName />
  <lobbyistLastName>LEWAN</lobbyistLastName>
  <lobbyistSuffix />
  <contactName />
  <senateRegID>22746</senateRegID>
  <houseRegID>33791</houseRegID>
  <reportYear>2013</reportYear>
  <reportType>MM</reportType>
  <amendment>false</amendment>
  <comments>
  </comments>
  <signedDate>6/28/2013 9:31:16 AM</signedDate>
  <certifiedcontent>true</certifiedcontent>
  <noContributions>false</noContributions>
  <pacs>
    <pac>
      <name />
    </pac>
    <pac>
      <name>New Democratic Coalition            </name>
    </pac>
  </pacs>
  <contributions>
    <contribution>
      <type />
      <contributorName />
      <payeeName />
      <recipientName />
      <amount />
      <date />
    </contribution>
    <contribution>
      <type>FECA</type>
      <contributorName>Self</contributorName>
      <payeeName>Shaheen for Senate        </payeeName>
      <recipientName>Jeanne Shaheen</recipientName>
      <amount>500.00</amount>
      <date>1/30/2013</date>
    </contribution>
    <contribution>
      <type>FECA</type>
      <contributorName>Self</contributorName>
      <payeeName>Mark Udall for Senate    </payeeName>
      <recipientName>Mark Udall</recipientName>
      <amount>500.00</amount>
      <date>02/01/2013</date>
    </contribution>
    <contribution>
      <type>FECA</type>
      <contributorName>Self</contributorName>
      <payeeName>Begich for Senate            </payeeName>
      <recipientName>Mark Begich</recipientName>
      <amount>500.00</amount>
      <date>2/20/2013</date>
    </contribution>
    <contribution>
      <type>FECA</type>
      <contributorName>Self</contributorName>
      <payeeName>Baucus for Senate           </payeeName>
      <recipientName>Max Baucus</recipientName>
      <amount>500.00</amount>
      <date>4/10/2013</date>
    </contribution>
    <contribution>
      <type>FECA</type>
      <contributorName>Self</contributorName>
      <payeeName>Pryor for Senate               </payeeName>
      <recipientName>Mark Pryor</recipientName>
      <amount>500.00</amount>
      <date>4/24/2013</date>
    </contribution>
    <contribution>
      <type>FECA</type>
      <contributorName>Self</contributorName>
      <payeeName>Murphy for Senate         </payeeName>
      <recipientName>Chris Murphy</recipientName>
      <amount>250.00</amount>
      <date>4/24/2013</date>
    </contribution>
    <contribution>
      <type>FECA</type>
      <contributorName>Self</contributorName>
      <payeeName>Coons for Senate             </payeeName>
      <recipientName>Chris Coons</recipientName>
      <amount>500.00</amount>
      <date>4/24/2013</date>
    </contribution>
    <contribution>
      <type>FECA</type>
      <contributorName>Self</contributorName>
      <payeeName>Schatz for Senate             </payeeName>
      <recipientName>Schatz</recipientName>
      <amount>500.00</amount>
      <date>6/15/2013</date>
    </contribution>
    <contribution>
      <type>FECA</type>
      <contributorName>Self</contributorName>
      <payeeName>New Democratic Coalition            </payeeName>
      <recipientName>New Democratic Coalition            </recipientName>
      <amount>500.00</amount>
      <date>5/15/2013</date>
    </contribution>
  </contributions>
</CONTRIBUTIONDISCLOSURE>