<?xml version="1.0"?>
<CONTRIBUTIONDISCLOSURE>
  <filerType>L</filerType>
  <organizationName>Chevron U.S.A. Inc.</organizationName>
  <lobbyistPrefix>Mr.</lobbyistPrefix>
  <lobbyistFirstName>Dan</lobbyistFirstName>
  <lobbyistMiddleName>L</lobbyistMiddleName>
  <lobbyistLastName>FAGER</lobbyistLastName>
  <lobbyistSuffix />
  <contactName />
  <senateRegID>9000</senateRegID>
  <houseRegID>30865</houseRegID>
  <reportYear>2013</reportYear>
  <reportType>MM</reportType>
  <amendment>false</amendment>
  <comments>
  </comments>
  <signedDate>7/3/2013 11:19:11 AM</signedDate>
  <certifiedcontent>true</certifiedcontent>
  <noContributions>false</noContributions>
  <pacs>
    <pac>
      <name />
    </pac>
  </pacs>
  <contributions>
    <contribution>
      <type />
      <contributorName />
      <payeeName />
      <recipientName />
      <amount />
      <date />
    </contribution>
    <contribution>
      <type>FECA</type>
      <contributorName>Self</contributorName>
      <payeeName>NRCC</payeeName>
      <recipientName>NRCC</recipientName>
      <amount>1,000.00</amount>
      <date>04/10/2013</date>
    </contribution>
  </contributions>
</CONTRIBUTIONDISCLOSURE>