<?xml version="1.0"?>
<CONTRIBUTIONDISCLOSURE>
  <filerType>O</filerType>
  <organizationName>ROBERT N. PYLE &amp; ASSOCIATES, INC.</organizationName>
  <lobbyistPrefix />
  <lobbyistFirstName />
  <lobbyistMiddleName />
  <lobbyistLastName />
  <lobbyistSuffix />
  <contactName>MR. NICHOLAS A. PYLE</contactName>
  <senateRegID>32500</senateRegID>
  <houseRegID>31506</houseRegID>
  <reportYear>2013</reportYear>
  <reportType>MM</reportType>
  <amendment>false</amendment>
  <comments>Self contribution was made by Nicholas Pyle and is also include in his LD 203</comments>
  <signedDate>7/2/2013 2:38:49 PM</signedDate>
  <certifiedcontent>true</certifiedcontent>
  <noContributions>false</noContributions>
  <pacs>
    <pac>
      <name />
    </pac>
    <pac>
      <name>BakePAC of The Independent Bakers Association</name>
    </pac>
    <pac>
      <name>Welch's/National Grape PAC</name>
    </pac>
  </pacs>
  <contributions>
    <contribution>
      <type />
      <contributorName />
      <payeeName />
      <recipientName />
      <amount />
      <date />
    </contribution>
    <contribution>
      <type>FECA</type>
      <contributorName>BakePAC of The Independent Bakers Association</contributorName>
      <payeeName>Friends of Scott DeJarlais (R-TN)</payeeName>
      <recipientName>Rep. Scott DeJarlais</recipientName>
      <amount>1,000.00</amount>
      <date>03/31/2013</date>
    </contribution>
    <contribution>
      <type>FECA</type>
      <contributorName>Welch's/National Grape PAC</contributorName>
      <payeeName>Friends of GT</payeeName>
      <recipientName>Representative Glenn Thompson (R-PA)</recipientName>
      <amount>1,000.00</amount>
      <date>04/20/2013</date>
    </contribution>
    <contribution>
      <type>FECA</type>
      <contributorName>BakePAC of The Independent Bakers Association</contributorName>
      <payeeName>Friends of GT</payeeName>
      <recipientName>Rep. Glenn Thompson (R-PA)</recipientName>
      <amount>350.00</amount>
      <date>06/11/2013</date>
    </contribution>
    <contribution>
      <type>FECA</type>
      <contributorName>Self</contributorName>
      <payeeName>Friends of DeJarlais</payeeName>
      <recipientName>Rep. Scott DeJarlais (R-TN)</recipientName>
      <amount>350.00</amount>
      <date>03/20/2013</date>
    </contribution>
    <contribution>
      <type>FECA</type>
      <contributorName>BakePAC of The Independent Bakers Association</contributorName>
      <payeeName>The Good Fund</payeeName>
      <recipientName>Leadership PAC of Rep. Bob Goodlatte (R-VA)</recipientName>
      <amount>3,000.00</amount>
      <date>6/25/13</date>
    </contribution>
    <contribution>
      <type>FECA</type>
      <contributorName>BakePAC of The Independent Bakers Association</contributorName>
      <payeeName>Friends of Scott DeJarlais (R-TN)</payeeName>
      <recipientName>Rep. Scott DeJarlais</recipientName>
      <amount>1,000.00</amount>
      <date>03/31/2013</date>
    </contribution>
  </contributions>
</CONTRIBUTIONDISCLOSURE>