<?xml version="1.0"?>
<CONTRIBUTIONDISCLOSURE>
  <filerType>L</filerType>
  <organizationName>THE TRUSTEES OF COLUMBIA UNIVERSITY IN THE CITY OF NEW YORK</organizationName>
  <lobbyistPrefix>Mr.</lobbyistPrefix>
  <lobbyistFirstName>ROSS</lobbyistFirstName>
  <lobbyistMiddleName>A.</lobbyistMiddleName>
  <lobbyistLastName>FROMMER</lobbyistLastName>
  <lobbyistSuffix />
  <contactName />
  <senateRegID>38585</senateRegID>
  <houseRegID>30887</houseRegID>
  <reportYear>2013</reportYear>
  <reportType>MM</reportType>
  <amendment>false</amendment>
  <comments>
  </comments>
  <signedDate>3/13/2013 5:19:01 PM</signedDate>
  <certifiedcontent>true</certifiedcontent>
  <noContributions>false</noContributions>
  <pacs>
    <pac>
      <name />
    </pac>
  </pacs>
  <contributions>
    <contribution>
      <type />
      <contributorName />
      <payeeName />
      <recipientName />
      <amount />
      <date />
    </contribution>
    <contribution>
      <type>FECA</type>
      <contributorName>Self</contributorName>
      <payeeName>Friends of Rosa DeLauro</payeeName>
      <recipientName>Rosa DeLauro</recipientName>
      <amount>100.00</amount>
      <date>03/14/2013</date>
    </contribution>
  </contributions>
</CONTRIBUTIONDISCLOSURE>