<?xml version="1.0"?>
<CONTRIBUTIONDISCLOSURE>
  <filerType>L</filerType>
  <organizationName>CHAMBERS, CONLON &amp; HARTWELL, LLC</organizationName>
  <lobbyistPrefix>Mr.</lobbyistPrefix>
  <lobbyistFirstName>CHARLES</lobbyistFirstName>
  <lobbyistMiddleName />
  <lobbyistLastName>BAKER</lobbyistLastName>
  <lobbyistSuffix />
  <contactName />
  <senateRegID>8830</senateRegID>
  <houseRegID>32036</houseRegID>
  <reportYear>2013</reportYear>
  <reportType>MM</reportType>
  <amendment>false</amendment>
  <comments>
  </comments>
  <signedDate>7/1/2013 2:53:15 PM</signedDate>
  <certifiedcontent>true</certifiedcontent>
  <noContributions>false</noContributions>
  <pacs>
    <pac>
      <name />
    </pac>
  </pacs>
  <contributions>
    <contribution>
      <type />
      <contributorName />
      <payeeName />
      <recipientName />
      <amount />
      <date />
    </contribution>
    <contribution>
      <type>FECA</type>
      <contributorName>Self</contributorName>
      <payeeName>Graves for Congress</payeeName>
      <recipientName>Graves for Congress</recipientName>
      <amount>2,000.00</amount>
      <date>6/28/13</date>
    </contribution>
  </contributions>
</CONTRIBUTIONDISCLOSURE>