<?xml version="1.0"?>
<CONTRIBUTIONDISCLOSURE>
  <filerType>L</filerType>
  <organizationName>EQUIFAX, INC</organizationName>
  <lobbyistPrefix>Mr.</lobbyistPrefix>
  <lobbyistFirstName>ROBERT</lobbyistFirstName>
  <lobbyistMiddleName>W</lobbyistMiddleName>
  <lobbyistLastName>KAMERSCHEN</lobbyistLastName>
  <lobbyistSuffix />
  <contactName />
  <senateRegID>13756</senateRegID>
  <houseRegID>32311</houseRegID>
  <reportYear>2013</reportYear>
  <reportType>MM</reportType>
  <amendment>false</amendment>
  <comments>Equifax PAC files separately</comments>
  <signedDate>5/20/2013 12:49:21 PM</signedDate>
  <certifiedcontent>true</certifiedcontent>
  <noContributions>true</noContributions>
  <pacs>
    <pac>
      <name />
    </pac>
  </pacs>
  <contributions>
    <contribution>
      <type />
      <contributorName />
      <payeeName />
      <recipientName />
      <amount />
      <date />
    </contribution>
  </contributions>
</CONTRIBUTIONDISCLOSURE>