<?xml version="1.0"?>
<CONTRIBUTIONDISCLOSURE>
  <filerType>L</filerType>
  <organizationName>VORYS, SATER, SEYMOUR AND PEASE LLP</organizationName>
  <lobbyistPrefix>Mr.</lobbyistPrefix>
  <lobbyistFirstName>Frederick </lobbyistFirstName>
  <lobbyistMiddleName>Paul</lobbyistMiddleName>
  <lobbyistLastName>Waite</lobbyistLastName>
  <lobbyistSuffix />
  <contactName />
  <senateRegID>40236</senateRegID>
  <houseRegID>32657</houseRegID>
  <reportYear>2013</reportYear>
  <reportType>MM</reportType>
  <amendment>false</amendment>
  <comments>
  </comments>
  <signedDate>7/2/2013 11:00:04 AM</signedDate>
  <certifiedcontent>true</certifiedcontent>
  <noContributions>true</noContributions>
  <pacs>
    <pac>
      <name />
    </pac>
    <pac>
      <name>Self</name>
    </pac>
  </pacs>
  <contributions>
    <contribution>
      <type />
      <contributorName />
      <payeeName />
      <recipientName />
      <amount />
      <date />
    </contribution>
  </contributions>
</CONTRIBUTIONDISCLOSURE>