<?xml version="1.0"?>
<CONTRIBUTIONDISCLOSURE>
  <filerType>L</filerType>
  <organizationName>BOEHRINGER INGELHEIM PHARMACEUTICALS, INC.</organizationName>
  <lobbyistPrefix>Ms.</lobbyistPrefix>
  <lobbyistFirstName>AMY</lobbyistFirstName>
  <lobbyistMiddleName>CHEVALIER</lobbyistMiddleName>
  <lobbyistLastName>EFANTIS</lobbyistLastName>
  <lobbyistSuffix />
  <contactName />
  <senateRegID>292972</senateRegID>
  <houseRegID>37344</houseRegID>
  <reportYear>2013</reportYear>
  <reportType>MM</reportType>
  <amendment>false</amendment>
  <comments>
  </comments>
  <signedDate>6/28/2013 3:13:01 PM</signedDate>
  <certifiedcontent>true</certifiedcontent>
  <noContributions>true</noContributions>
  <pacs>
    <pac>
      <name />
    </pac>
  </pacs>
  <contributions>
    <contribution>
      <type />
      <contributorName />
      <payeeName />
      <recipientName />
      <amount />
      <date />
    </contribution>
  </contributions>
</CONTRIBUTIONDISCLOSURE>