<?xml version="1.0"?>
<CONTRIBUTIONDISCLOSURE>
  <filerType>O</filerType>
  <organizationName>THE NATIONAL RIGHT TO WORK COMMITTEE</organizationName>
  <lobbyistPrefix />
  <lobbyistFirstName />
  <lobbyistMiddleName />
  <lobbyistLastName />
  <lobbyistSuffix />
  <contactName>MARK A. MIX</contactName>
  <senateRegID>28492</senateRegID>
  <houseRegID>31077</houseRegID>
  <reportYear>2013</reportYear>
  <reportType>MM</reportType>
  <amendment>false</amendment>
  <comments>
  </comments>
  <signedDate>7/3/2013 11:00:10 AM</signedDate>
  <certifiedcontent>true</certifiedcontent>
  <noContributions>false</noContributions>
  <pacs>
    <pac>
      <name />
    </pac>
    <pac>
      <name>The National Right to Work Committee PAC</name>
    </pac>
  </pacs>
  <contributions>
    <contribution>
      <type />
      <contributorName />
      <payeeName />
      <recipientName />
      <amount />
      <date />
    </contribution>
    <contribution>
      <type>FECA</type>
      <contributorName>The National Right to Work Committee PAC</contributorName>
      <payeeName>Steve Fincher for Congress</payeeName>
      <recipientName>Steve Fincher</recipientName>
      <amount>2,500.00</amount>
      <date>02/15/2013</date>
    </contribution>
    <contribution>
      <type>FECA</type>
      <contributorName>The National Right to Work Committee PAC</contributorName>
      <payeeName>Rand Paul for Senate</payeeName>
      <recipientName>Rand Paul</recipientName>
      <amount>5,000.00</amount>
      <date>03/19/2013</date>
    </contribution>
    <contribution>
      <type>FECA</type>
      <contributorName>The National Right to Work Committee PAC</contributorName>
      <payeeName>GOH Conservative PAC</payeeName>
      <recipientName>GOH Conservative PAC</recipientName>
      <amount>3,000.00</amount>
      <date>05/20/2013</date>
    </contribution>
    <contribution>
      <type>FECA</type>
      <contributorName>The National Right to Work Committee PAC</contributorName>
      <payeeName>Quin Hillyer for Congress</payeeName>
      <recipientName>Quin Hillyer</recipientName>
      <amount>1,000.00</amount>
      <date>06/18/2013</date>
    </contribution>
    <contribution>
      <type>FECA</type>
      <contributorName>The National Right to Work Committee PAC</contributorName>
      <payeeName>Bill O'Brien for Congress</payeeName>
      <recipientName>Bill O'Brien</recipientName>
      <amount>3,000.00</amount>
      <date>05/25/2013</date>
    </contribution>
    <contribution>
      <type>FECA</type>
      <contributorName>The National Right to Work Committee PAC</contributorName>
      <payeeName>Lonegan for Senate</payeeName>
      <recipientName>Steve Lonegan</recipientName>
      <amount>2,500.00</amount>
      <date>06/25/2013</date>
    </contribution>
    <contribution>
      <type>FECA</type>
      <contributorName>The National Right to Work Committee PAC</contributorName>
      <payeeName>Kansans for Huelskamp</payeeName>
      <recipientName>Tim Huelskamp</recipientName>
      <amount>1,000.00</amount>
      <date>06/28/2013</date>
    </contribution>
  </contributions>
</CONTRIBUTIONDISCLOSURE>