<?xml version="1.0"?>
<CONTRIBUTIONDISCLOSURE>
  <filerType>L</filerType>
  <organizationName>American Gaming Association</organizationName>
  <lobbyistPrefix>Mr.</lobbyistPrefix>
  <lobbyistFirstName>FRANK</lobbyistFirstName>
  <lobbyistMiddleName>J</lobbyistMiddleName>
  <lobbyistLastName>FAHRENKOPF</lobbyistLastName>
  <lobbyistSuffix>JR</lobbyistSuffix>
  <contactName />
  <senateRegID>2434</senateRegID>
  <houseRegID>31659</houseRegID>
  <reportYear>2013</reportYear>
  <reportType>MM</reportType>
  <amendment>false</amendment>
  <comments>
  </comments>
  <signedDate>7/2/2013 8:43:39 AM</signedDate>
  <certifiedcontent>true</certifiedcontent>
  <noContributions>true</noContributions>
  <pacs>
    <pac>
      <name />
    </pac>
  </pacs>
  <contributions>
    <contribution>
      <type />
      <contributorName />
      <payeeName />
      <recipientName />
      <amount />
      <date />
    </contribution>
  </contributions>
</CONTRIBUTIONDISCLOSURE>