<?xml version="1.0"?>
<CONTRIBUTIONDISCLOSURE>
  <filerType>L</filerType>
  <organizationName>AMERICAN VETERINARY MEDICAL ASSOCIATION</organizationName>
  <lobbyistPrefix>Mrs.</lobbyistPrefix>
  <lobbyistFirstName>Ashley</lobbyistFirstName>
  <lobbyistMiddleName>Shelton</lobbyistMiddleName>
  <lobbyistLastName>Morgan</lobbyistLastName>
  <lobbyistSuffix>DVM</lobbyistSuffix>
  <contactName />
  <senateRegID>3630</senateRegID>
  <houseRegID>31140</houseRegID>
  <reportYear>2013</reportYear>
  <reportType>MM</reportType>
  <amendment>false</amendment>
  <comments>
  </comments>
  <signedDate>6/19/2013 4:05:01 PM</signedDate>
  <certifiedcontent>true</certifiedcontent>
  <noContributions>true</noContributions>
  <pacs>
    <pac>
      <name />
    </pac>
  </pacs>
  <contributions>
    <contribution>
      <type />
      <contributorName />
      <payeeName />
      <recipientName />
      <amount />
      <date />
    </contribution>
  </contributions>
</CONTRIBUTIONDISCLOSURE>