<?xml version="1.0"?>
<CONTRIBUTIONDISCLOSURE>
  <filerType>L</filerType>
  <organizationName>The Glover Park Group LLC</organizationName>
  <lobbyistPrefix>Ms.</lobbyistPrefix>
  <lobbyistFirstName>Lindsay</lobbyistFirstName>
  <lobbyistMiddleName />
  <lobbyistLastName>Lee</lobbyistLastName>
  <lobbyistSuffix />
  <contactName />
  <senateRegID>86196</senateRegID>
  <houseRegID>36548</houseRegID>
  <reportYear>2013</reportYear>
  <reportType>MM</reportType>
  <amendment>false</amendment>
  <comments>
  </comments>
  <signedDate>6/26/2013 4:55:19 PM</signedDate>
  <certifiedcontent>true</certifiedcontent>
  <noContributions>false</noContributions>
  <pacs>
    <pac>
      <name />
    </pac>
  </pacs>
  <contributions>
    <contribution>
      <type />
      <contributorName />
      <payeeName />
      <recipientName />
      <amount />
      <date />
    </contribution>
    <contribution>
      <type>FECA</type>
      <contributorName>Self</contributorName>
      <payeeName>Senator Lindsey Graham</payeeName>
      <recipientName>Team Graham</recipientName>
      <amount>1,000.00</amount>
      <date>05/15/2013</date>
    </contribution>
  </contributions>
</CONTRIBUTIONDISCLOSURE>