<?xml version="1.0"?>
<CONTRIBUTIONDISCLOSURE>
  <filerType>L</filerType>
  <organizationName>THE GOODYEAR TIRE &amp; RUBBER COMPANY</organizationName>
  <lobbyistPrefix>Mr.</lobbyistPrefix>
  <lobbyistFirstName>JEFFREY</lobbyistFirstName>
  <lobbyistMiddleName>BRIAN</lobbyistMiddleName>
  <lobbyistLastName>RILEY</lobbyistLastName>
  <lobbyistSuffix />
  <contactName />
  <senateRegID>16555</senateRegID>
  <houseRegID>30632</houseRegID>
  <reportYear>2013</reportYear>
  <reportType>MM</reportType>
  <amendment>false</amendment>
  <comments>
  </comments>
  <signedDate>7/3/2013 10:11:54 AM</signedDate>
  <certifiedcontent>true</certifiedcontent>
  <noContributions>false</noContributions>
  <pacs>
    <pac>
      <name />
    </pac>
  </pacs>
  <contributions>
    <contribution>
      <type />
      <contributorName />
      <payeeName />
      <recipientName />
      <amount />
      <date />
    </contribution>
    <contribution>
      <type>FECA</type>
      <contributorName>Self</contributorName>
      <payeeName>Tim Ryan for Congress</payeeName>
      <recipientName>Representative Tim Ryan</recipientName>
      <amount>250.00</amount>
      <date>03/14/2013</date>
    </contribution>
    <contribution>
      <type>FECA</type>
      <contributorName>Self</contributorName>
      <payeeName>HURT PAC</payeeName>
      <recipientName>Representative Robert Hurt</recipientName>
      <amount>500.00</amount>
      <date>05/22/2013</date>
    </contribution>
  </contributions>
</CONTRIBUTIONDISCLOSURE>