<?xml version="1.0"?>
<CONTRIBUTIONDISCLOSURE>
  <filerType>L</filerType>
  <organizationName>ENERGY FUTURE HOLDINGS (formerly TXU Electric Delivery)</organizationName>
  <lobbyistPrefix>Mr.</lobbyistPrefix>
  <lobbyistFirstName>DAVID</lobbyistFirstName>
  <lobbyistMiddleName />
  <lobbyistLastName>LYNCH</lobbyistLastName>
  <lobbyistSuffix />
  <contactName />
  <senateRegID>37926</senateRegID>
  <houseRegID>30144</houseRegID>
  <reportYear>2013</reportYear>
  <reportType>MM</reportType>
  <amendment>false</amendment>
  <comments>
  </comments>
  <signedDate>6/11/2013 3:46:55 PM</signedDate>
  <certifiedcontent>true</certifiedcontent>
  <noContributions>false</noContributions>
  <pacs>
    <pac>
      <name />
    </pac>
  </pacs>
  <contributions>
    <contribution>
      <type />
      <contributorName />
      <payeeName />
      <recipientName />
      <amount />
      <date />
    </contribution>
    <contribution>
      <type>FECA</type>
      <contributorName>Self</contributorName>
      <payeeName>Flores for Congress</payeeName>
      <recipientName>Congressman Bill Flores</recipientName>
      <amount>1,000.00</amount>
      <date>02/22/2013</date>
    </contribution>
  </contributions>
</CONTRIBUTIONDISCLOSURE>