<?xml version="1.0"?>
<CONTRIBUTIONDISCLOSURE>
  <filerType>L</filerType>
  <organizationName>STUNTZ DAVIS &amp; STAFFIER, P.C.</organizationName>
  <lobbyistPrefix>Mr.</lobbyistPrefix>
  <lobbyistFirstName>RANDALL</lobbyistFirstName>
  <lobbyistMiddleName>E</lobbyistMiddleName>
  <lobbyistLastName>DAVIS</lobbyistLastName>
  <lobbyistSuffix />
  <contactName />
  <senateRegID>37141</senateRegID>
  <houseRegID>30970</houseRegID>
  <reportYear>2013</reportYear>
  <reportType>MM</reportType>
  <amendment>false</amendment>
  <comments>
  </comments>
  <signedDate>7/2/2013 4:17:16 PM</signedDate>
  <certifiedcontent>true</certifiedcontent>
  <noContributions>false</noContributions>
  <pacs>
    <pac>
      <name />
    </pac>
  </pacs>
  <contributions>
    <contribution>
      <type />
      <contributorName />
      <payeeName />
      <recipientName />
      <amount />
      <date />
    </contribution>
    <contribution>
      <type>FECA</type>
      <contributorName>Self</contributorName>
      <payeeName>Steve Scalise for Congress</payeeName>
      <recipientName>Rep. Steve Scalise</recipientName>
      <amount>500.00</amount>
      <date>02/04/2013</date>
    </contribution>
    <contribution>
      <type>FECA</type>
      <contributorName>Self</contributorName>
      <payeeName>Graves for Congress</payeeName>
      <recipientName>Rep. Tom Graves</recipientName>
      <amount>500.00</amount>
      <date>04/23/2013</date>
    </contribution>
    <contribution>
      <type>FECA</type>
      <contributorName>Self</contributorName>
      <payeeName>Pompeo for Congress</payeeName>
      <recipientName>Rep. Mike Pompeo</recipientName>
      <amount>1,000.00</amount>
      <date>05/07/2013</date>
    </contribution>
    <contribution>
      <type>FECA</type>
      <contributorName>Self</contributorName>
      <payeeName>Alexander for Senate, Inc.</payeeName>
      <recipientName>Sen. Lamar Alexander</recipientName>
      <amount>500.00</amount>
      <date>05/13/2013</date>
    </contribution>
    <contribution>
      <type>FECA</type>
      <contributorName>Self</contributorName>
      <payeeName>Friends of Maria</payeeName>
      <recipientName>Sen. Maria Cantwell</recipientName>
      <amount>1,000.00</amount>
      <date>06/24/2013</date>
    </contribution>
  </contributions>
</CONTRIBUTIONDISCLOSURE>