<?xml version="1.0"?>
<CONTRIBUTIONDISCLOSURE>
  <filerType>L</filerType>
  <organizationName>Accuray Incorporated</organizationName>
  <lobbyistPrefix>Ms.</lobbyistPrefix>
  <lobbyistFirstName>Terri</lobbyistFirstName>
  <lobbyistMiddleName />
  <lobbyistLastName>Zavada</lobbyistLastName>
  <lobbyistSuffix />
  <contactName />
  <senateRegID>400606845</senateRegID>
  <houseRegID>41321</houseRegID>
  <reportYear>2013</reportYear>
  <reportType>MM</reportType>
  <amendment>false</amendment>
  <comments>I was terminated as an employee with Accuray in January 2013 and am no longer acting as a lobbyist in any capacity.  No contributions were made during the first half of 2013.</comments>
  <signedDate>4/3/2013 12:24:16 PM</signedDate>
  <certifiedcontent>true</certifiedcontent>
  <noContributions>true</noContributions>
  <pacs>
    <pac>
      <name />
    </pac>
  </pacs>
  <contributions>
    <contribution>
      <type />
      <contributorName />
      <payeeName />
      <recipientName />
      <amount />
      <date />
    </contribution>
  </contributions>
</CONTRIBUTIONDISCLOSURE>