<?xml version="1.0"?>
<CONTRIBUTIONDISCLOSURE>
  <filerType>L</filerType>
  <organizationName>American Society of Plastic Surgeons</organizationName>
  <lobbyistPrefix>Ms.</lobbyistPrefix>
  <lobbyistFirstName>Kristin </lobbyistFirstName>
  <lobbyistMiddleName />
  <lobbyistLastName>Murphy</lobbyistLastName>
  <lobbyistSuffix />
  <contactName />
  <senateRegID>400267219</senateRegID>
  <houseRegID>39989</houseRegID>
  <reportYear>2013</reportYear>
  <reportType>MM</reportType>
  <amendment>false</amendment>
  <comments>
  </comments>
  <signedDate>6/28/2013 1:04:06 PM</signedDate>
  <certifiedcontent>true</certifiedcontent>
  <noContributions>false</noContributions>
  <pacs>
    <pac>
      <name />
    </pac>
  </pacs>
  <contributions>
    <contribution>
      <type />
      <contributorName />
      <payeeName />
      <recipientName />
      <amount />
      <date />
    </contribution>
    <contribution>
      <type>FECA</type>
      <contributorName>Self</contributorName>
      <payeeName>Swalwell for Congress</payeeName>
      <recipientName>Eric Swalwell</recipientName>
      <amount>250.00</amount>
      <date>03/27/2013</date>
    </contribution>
  </contributions>
</CONTRIBUTIONDISCLOSURE>