<?xml version="1.0"?>
<CONTRIBUTIONDISCLOSURE>
  <filerType>L</filerType>
  <organizationName>JCP ASSOCIATES</organizationName>
  <lobbyistPrefix>Mr.</lobbyistPrefix>
  <lobbyistFirstName>JAMES</lobbyistFirstName>
  <lobbyistMiddleName>C.</lobbyistMiddleName>
  <lobbyistLastName>PIRIUS</lobbyistLastName>
  <lobbyistSuffix />
  <contactName />
  <senateRegID>48430</senateRegID>
  <houseRegID>34466</houseRegID>
  <reportYear>2013</reportYear>
  <reportType>MM</reportType>
  <amendment>false</amendment>
  <comments>Termination LD-2 report filed 02/28/13 with a Termination Date effective 02/28/13.  Therefore, no further LD-203 reports will be filed.</comments>
  <signedDate>2/28/2013 12:13:26 PM</signedDate>
  <certifiedcontent>true</certifiedcontent>
  <noContributions>true</noContributions>
  <pacs>
    <pac>
      <name />
    </pac>
  </pacs>
  <contributions>
    <contribution>
      <type />
      <contributorName />
      <payeeName />
      <recipientName />
      <amount />
      <date />
    </contribution>
  </contributions>
</CONTRIBUTIONDISCLOSURE>