<?xml version="1.0"?>
<CONTRIBUTIONDISCLOSURE>
  <filerType>L</filerType>
  <organizationName>Fierce, Isakowitz &amp; Blalock</organizationName>
  <lobbyistPrefix>Mr.</lobbyistPrefix>
  <lobbyistFirstName>William</lobbyistFirstName>
  <lobbyistMiddleName />
  <lobbyistLastName>Piper</lobbyistLastName>
  <lobbyistSuffix />
  <contactName />
  <senateRegID>44812</senateRegID>
  <houseRegID>31507</houseRegID>
  <reportYear>2013</reportYear>
  <reportType>MM</reportType>
  <amendment>false</amendment>
  <comments>
  </comments>
  <signedDate>7/2/2013 10:21:57 AM</signedDate>
  <certifiedcontent>true</certifiedcontent>
  <noContributions>false</noContributions>
  <pacs>
    <pac>
      <name />
    </pac>
    <pac>
      <name>McConnell Victory Committee</name>
    </pac>
  </pacs>
  <contributions>
    <contribution>
      <type />
      <contributorName />
      <payeeName />
      <recipientName />
      <amount />
      <date />
    </contribution>
    <contribution>
      <type>FECA</type>
      <contributorName>Self</contributorName>
      <payeeName>McConnell Victory Committee</payeeName>
      <recipientName>Republican Party of Kentucky Federal Account</recipientName>
      <amount>2,000.00</amount>
      <date>01/09/2013</date>
    </contribution>
    <contribution>
      <type>FECA</type>
      <contributorName>Self</contributorName>
      <payeeName>Cornyn for Senate</payeeName>
      <recipientName>John Cornyn</recipientName>
      <amount>2,000.00</amount>
      <date>01/23/2013</date>
    </contribution>
    <contribution>
      <type>FECA</type>
      <contributorName>Self</contributorName>
      <payeeName>NRSC</payeeName>
      <recipientName>National Republican Senatorial Committee</recipientName>
      <amount>2,500.00</amount>
      <date>01/24/2013</date>
    </contribution>
    <contribution>
      <type>FECA</type>
      <contributorName>Self</contributorName>
      <payeeName>Barr For Congress</payeeName>
      <recipientName>Andy Barr</recipientName>
      <amount>1,000.00</amount>
      <date>02/05/2013</date>
    </contribution>
    <contribution>
      <type>FECA</type>
      <contributorName>Self</contributorName>
      <payeeName>McConnell Senate Committee</payeeName>
      <recipientName>Mitch McConnell</recipientName>
      <amount>200.00</amount>
      <date>02/04/2013</date>
    </contribution>
    <contribution>
      <type>FECA</type>
      <contributorName>Self</contributorName>
      <payeeName>NRSC</payeeName>
      <recipientName>National Republican Senatorial Committee</recipientName>
      <amount>2,500.00</amount>
      <date>02/22/2013</date>
    </contribution>
    <contribution>
      <type>FECA</type>
      <contributorName>Self</contributorName>
      <payeeName>Tim Scott for Senate</payeeName>
      <recipientName>Tim Scott</recipientName>
      <amount>1,500.00</amount>
      <date>02/27/2013</date>
    </contribution>
    <contribution>
      <type>FECA</type>
      <contributorName>Self</contributorName>
      <payeeName>Thune for Senate</payeeName>
      <recipientName>John Thune</recipientName>
      <amount>1,000.00</amount>
      <date>03/13/2013</date>
    </contribution>
    <contribution>
      <type>FECA</type>
      <contributorName>Self</contributorName>
      <payeeName>Cornyn for Senate</payeeName>
      <recipientName>John Cornyn</recipientName>
      <amount>1,200.00</amount>
      <date>03/12/2013</date>
    </contribution>
    <contribution>
      <type>FECA</type>
      <contributorName>Self</contributorName>
      <payeeName>Capito for Senate</payeeName>
      <recipientName>Shelley Moore Capito</recipientName>
      <amount>1,000.00</amount>
      <date>03/14/2013</date>
    </contribution>
    <contribution>
      <type>FECA</type>
      <contributorName>Self</contributorName>
      <payeeName>Guthrie for Congress</payeeName>
      <recipientName>Brett Guthrie</recipientName>
      <amount>1,000.00</amount>
      <date>03/19/2013</date>
    </contribution>
    <contribution>
      <type>FECA</type>
      <contributorName>Self</contributorName>
      <payeeName>Young for Congress</payeeName>
      <recipientName>Todd Young</recipientName>
      <amount>1,000.00</amount>
      <date>04/24/2013</date>
    </contribution>
    <contribution>
      <type>FECA</type>
      <contributorName>Self</contributorName>
      <payeeName>Scott for Senate</payeeName>
      <recipientName>Tim Scott</recipientName>
      <amount>1,100.00</amount>
      <date>04/25/2013</date>
    </contribution>
    <contribution>
      <type>FECA</type>
      <contributorName>Self</contributorName>
      <payeeName>Capito for West Virginia</payeeName>
      <recipientName>Shelley Moore Capito</recipientName>
      <amount>1,600.00</amount>
      <date>05/02/2013</date>
    </contribution>
    <contribution>
      <type>FECA</type>
      <contributorName>Self</contributorName>
      <payeeName>Flake for Senate</payeeName>
      <recipientName>Jeff Flake</recipientName>
      <amount>500.00</amount>
      <date>05/07/2013</date>
    </contribution>
    <contribution>
      <type>FECA</type>
      <contributorName>Self</contributorName>
      <payeeName>Friends of Jim Inhofe</payeeName>
      <recipientName>Jim Inhofe</recipientName>
      <amount>1,000.00</amount>
      <date>05/09/2013</date>
    </contribution>
    <contribution>
      <type>FECA</type>
      <contributorName>Self</contributorName>
      <payeeName>Alexander for Senate 2014, Inc.</payeeName>
      <recipientName>Lamar Alexander</recipientName>
      <amount>1,000.00</amount>
      <date>05/14/2013</date>
    </contribution>
    <contribution>
      <type>FECA</type>
      <contributorName>Self</contributorName>
      <payeeName>Friends of Todd Young</payeeName>
      <recipientName>Todd Young</recipientName>
      <amount>1,600.00</amount>
      <date>05/17/2013</date>
    </contribution>
    <contribution>
      <type>FECA</type>
      <contributorName>Self</contributorName>
      <payeeName>Republican Party of Kentucky</payeeName>
      <recipientName>Republican Party of Kentucky Federal Account</recipientName>
      <amount>1,000.00</amount>
      <date>05/17/2013</date>
    </contribution>
    <contribution>
      <type>FECA</type>
      <contributorName>Self</contributorName>
      <payeeName>Collins for Senator</payeeName>
      <recipientName>Susan Collins</recipientName>
      <amount>1,000.00</amount>
      <date>05/20/2013</date>
    </contribution>
    <contribution>
      <type>FECA</type>
      <contributorName>Self</contributorName>
      <payeeName>Young for Iowa</payeeName>
      <recipientName>David Young</recipientName>
      <amount>2,600.00</amount>
      <date>06/12/2013</date>
    </contribution>
    <contribution>
      <type>FECA</type>
      <contributorName>Self</contributorName>
      <payeeName>Whitfield for Congress</payeeName>
      <recipientName>Ed Whitfield</recipientName>
      <amount>1,000.00</amount>
      <date>06/18/2013</date>
    </contribution>
  </contributions>
</CONTRIBUTIONDISCLOSURE>